true,pred,text,target_entity
2,0,"I'll just leave this here; christine maggiore , one of the earlier HIV - > Aids deniers, died of Aids. https://en.m.wikipedia.org/wiki/Christine_Maggiore Much",christine maggiore
0,0,and push their economy further into the dregs than it already is. Also lol at paul joseph watson with a video telling the cult what to believe.,paul joseph watson
2,1,"agrees with you. This isnt the x files. Are you getting your talking points from john lear or something? Its one thing to say 'some people theorize....', but to act like you",john lear
1,1,into their own hands. Other good health-related episodes are with Dr. David Sinclair and Dr. andrew huberman,andrew huberman
2,2,"you talk to a vaccine proponent about it, they’ll say that that’s not true. Hell, rochelle walensky said in an interview that the vaccines still decrease hospitalizations and deaths from the variants—which,",rochelle walensky
1,1,Covid Goes. Extremely Low Vaccine Rates is the Most Likely Answer. &#x200B; Maybe Send him steve kirsch 's Research as well.,steve kirsch
0,0,"D. Hill of USWGO Alternative News article links. They also censor anything good about Attorney l. lin wood , and anything good about Mike Lindell is being censored there. I confirmed it, I",l. lin wood
0,0,QAnon was actually jason gelinas . He was an information security analyst at Citigroup. He ran a website [Qmap.pub](https://Qmap.pub) which,jason gelinas
1,2,"in Physiology or Medicine 2015 was divided, one half jointly to William C. Campbell and satoshi ōmura ""for their discoveries concerning a novel therapy against infections caused by roundworm parasites"" and the",satoshi ōmura
0,0,"Thank you, Jared. (Applause.) Dr. Deborah Birx. Deborah? Thank you very much, Deborah. (Applause.) Admiral brett giroir . Where is Brett? (Applause.) Great job you’ve been doing, Brett. Surgeon General Jerome Adams.",brett giroir
1,1,than guns. This is the best way to control the populations of the world.” – vandana shiva,vandana shiva
2,1,My claim was rooted in evidence. He accused me of posting 50 times in the kevin folta AMA when I didn't in attempt to troll.,kevin folta
1,0,"lara logan , LOL. [CBS asks Lara Logan to take leave after flawed Benghazi report](http://www.cbsnews.com/news/cbs-asks-lara-logan-to-take-leave-after-flawed-benghazi-report/) [60 Minutes""",lara logan
1,1,re packaged Theosophy. Look up HP Blavatski and the theosophical society. Hancock is basically another david hatcher childress .,david hatcher childress
2,2,[Might be time for Denny to vanish to an undisclosed Japanese island](https:// wikileaks.org /podesta-emails/emailid/11508),wikileaks.org
2,1,http://www.businessinsider.com/ecuador-cuts-wikileaks-founder-julian-assange-internet-connection-london-embassy-2018-3 The Ecuadorian government has cut off julian assange's internet connection in its embassy in London. The Wikileaks founder has been holed up in,julian assange's
1,1,"[this one right here](https://www.youtube.com/watch?v=Sc7Q9hgcukw&feature=youtu.be&t=26s) where Grant Cameron lets it be known that DeLonge, Greer, and bill moore (Moore being someone who I honestly wasn't familiar w/before - and barely still am now",bill moore
1,2,pass legislation and elect politicians despite what the voters want. I recommend watching Get me roger stone on Netflix. It’s his own take on his work. Edit: I’m really surprised at the,roger stone
1,1,"Biden. After the DNC and RNC did everything they could to sabotage Andrew Yang and vivek ramaswamy , this nation deserves to cripple under terrible leadership.",vivek ramaswamy
1,1,There’s an interesting book called ‘Forbidden Archeology by michael cremo ’ which is basically a catalogue of many such finds going back 150 years with,michael cremo
0,2,"There are two really helpful documentaries that were put out by oliver stone in 2016 and 2019 (ie. prior to the Russia invasion). ""Revealing Ukraine"" & ""Ukraine on",oliver stone
2,2,This is the biggest witch-hunt ever! The UK Parliament demands russell brand is cancelled on rumble! Whatever happened to innocent untill proven guilty. This just proves there,russell brand
1,1,I was wondering - do you think it would be good to have a “ veterans for 9/11 truth ” organization. Or is there such a thing already?,veterans for 9/11 truth
0,0,"Hmm. I ignored this when I found out it was run by the amazingly corrupt joe arpaio , but y'all seem pretty impressed so maybe I'll take a look later.",joe arpaio
1,1,"From what I’ve read from historian Antony C. Sutton and doctors, Kary B. Mullis and peter duesberg , who rejected the official “HIV causes AIDS” narrative, it seems likely that Fauci and",peter duesberg
1,1,"perpetual “Deep State”, or Illuminati inspired overlords, now just feel stupid. Those nutty Larouche followers, mae brussell archive listeners, and Behold a Pale Horse readers are all laughing now.” https://d-state-research.com/home/jeff-bezos-and-gise-family-with-king/ “Jeff Bezos",mae brussell
2,0,wars without lies no peace without truth. Parody acct Note: **PARODY ACCT** This was never julian assange's real account. That's why nobody ever paid any attention to this statement.,julian assange's
1,0,"Ask christine maggiore , she denied aids existed, she later died of aids related pneumonia at the age",christine maggiore
1,1,"shot, according to one of the Food and Drug Administration's (FDA) top vaccine advisers.""* *""Dr paul offit , who advises the FDA on a range of shots for infectious diseases, told DailyMail.com",paul offit
1,2,I’ll track it down for you if you haven’t seen it. It was included in bart sibrel ’s “Something Funny Happened On the Way to the Moon” documentary. I can’t stand the,bart sibrel
1,2,"if trials were held today the whole lot would be for the gurney. Wiki and ellsberg , who was a particularly nasty piece of CIA work in Vietnam, and Assange are",ellsberg
1,1,"really think people are going to take the possibility of aliens seriously with Giorgio ""Aliens"" tsoukalos portrayed as an expert on the subject. At best it might get a portion of",tsoukalos
0,0,jullian assange is being mentally and physically tortured in jail for over a decade for hosting this,jullian assange
0,0,"burying this point… ""I never thought I'd say this, but please ignore the CDC guidance,"" makary stated, advising Americans to ""live a normal life, unless you are unvaccinated and did not",makary
1,1,"should know, there are also avenues to go about it. And when you (as in bradley manning ) sign a non-disclosure agreement, saying that you will not disclose information under penalty of",bradley manning
0,0,"This is pretty much off-topic, but I was imagining giorgio tsoukalos talking about the Bible verse you posted. ""Extraterrestrial intelligences were using...some type of direct. energy.",giorgio tsoukalos
0,1,paul craig roberts is a man that the world should take heed of. He *knows* what he is,paul craig roberts
2,1,"> what's your relationship to ae911truth? I'm a fan of david ray griffin , Richard Gage, Steven Jones and Neils Harrit. These are the leaders of the actual",david ray griffin
0,0,"Probs search - 3i/Atlas avi loeb Seems like that guy always has something to say about it, possibly even pushing that",avi loeb
1,1,of that info and comedian takes on the date will reach enough of an audience. bill hicks took on the JFK situation pretty regularly. Lenny Bruce dabbled into politics.,bill hicks
1,1,"No apparent reason? ralph mcgehee , a former CIA officer, stated that the CIA often placed news stories anonymously in",ralph mcgehee
0,1,"It is time for our annual review of the work of aaron swartz . > Just five levels of councils, each consisting of only fifty people, is enough",aaron swartz
0,0,"the guy who actually questioned globalists. any researcher who questions Israel is persona non grata. jim tucker , wayne madsen, texxe marrs, jim fetzer and many more are never seen on the",jim tucker
0,0,my shift at work but...you can start here: https://www.reddit.com/r/conspiracy/comments/b9h0n9/dear_wolfgang_a_sandy_hook_documentary_about_the/?utm_medium=android_app&utm_source=share Any podcast you can find featuring wolfgang halbig is 👌 He is the real deal.,wolfgang halbig
0,0,"Holy See Church and CIA operative, and “Operation Mockingbird” operative. From January, 2013. Also mentions tila tequila , who also called out Jones and had a similar recorded breakdown.. Weird.",tila tequila
0,0,Dr rashid buttar connects the dots between high frequency 5G and sickness. Others have also connected the dots.,rashid buttar
0,2,The Italian and US courts disagree with both you and jenny mccarthy . Spreading third party information does not make you personally responsible for anyone's death. People,jenny mccarthy
0,0,"in the U.S. since 2003,” the Associate Press reported based off statements made by Dr. anne schuchat , director of the CDC’s National Center for Immunization and Respiratory Diseases. Meanwhile, VAERS, which",anne schuchat
1,0,"Republicans say the deadline should have been November 9th. * A Republican candidate for Congress, kathy barnette , [sued](https://www.politico.com/news/2020/11/04/gop-pennsylvania-blocking-ballots-lawsuit-434045) in federal court Tuesday claiming that county officials in suburban Montgomery County illegally",kathy barnette
2,2,"Over 7 months ago, Dr. sherri tenpenny was going around telling everyone who would listen that the vaccines would cause death from",sherri tenpenny
2,1,surely have completely different threat interpretation and handling methods depending on their own development history. james p. hogan developed this idea quite interesting in his first 3 Giants of Ganymede SF books.,james p. hogan
1,1,"power will be indefinitely sustained. Me: The article is excellent, especially the write up by paul craig roberts .",paul craig roberts
1,2,timothy charles holmseth investigates timothy cracks open the shocking truth of the 50000 children rescued from beneath central,timothy charles holmseth
0,0,"data, but on the evidence of bone fractures, arthritis, mutagenicity and other effects."" - **Dr. william marcus , Senior Toxicologist at E.P.A.** ""Water contains a number of substances that are undesirable, and",william marcus
0,0,"DM Green, MD 49. Richard Farmer, Department of Epidemiology, University of Surrey, UK 50. Dr. anne schuchat , MD, director of the CDC's National Center for Immunization and Respiratory Diseases 51. Dr.",anne schuchat
0,0,"forth What did they expect? He’s clearly got a pretty dark sense of humor Also, mike cernovich is a no talent, blat ass, piss and shit filled diaper baby of a human",mike cernovich
2,0,blood brain barrier and are damaging the frontal lobe of the brain according to Dr. peter breggin and others as proven by autopsies causing frontal lobe lobotomies . Changing personalities. The Injections,peter breggin
0,2,"just crowdsourced journalism, meant to empower journalists without the corrupt editorial influence of state-adjacent forces. taibi and Greenwald have good ones, Alex Berenson has been nailing everything COVID narrative, so much",taibi
1,2,"I don't really know anything about ben garrison , but I would agree that his comics are usually great in my experience. Funny",ben garrison
0,0,They did. bryan fischer is the head of an anti-gay organization called the American Family Organization.,bryan fischer
1,1,"approach is problematic for many children. Wow, pretty biased article. So who is this [Dr. j. bart classen , M.D.](https://en.wikipedia.org/wiki/J._Bart_Classen)? Ouch, looks like someone gave a pretty damning writeup about his careerer anti-vax",j. bart classen
0,0,"had to give Snowden and WikiLeaks/Assange back to US Intel agencies (I say ""back"" because snowdens American and Assange was raised in one of the many CIA run cults, where they",snowdens
0,0,"bunch of wacky shit that has no evidence. She's not to be trusted nor is mikki willis . She's trying to sell her book, he's trying to sell his movie...do your own",mikki willis
1,2,"Ya, Snowden is in the same mold as jullian assange -- useful idiots who reveal nothing new... maybe a few carrots here and there, but",jullian assange
0,0,"the truth. I've found the strongest KJV Bible believers to be *some* IFB churches (not steven anderson !). *That ye be not soon shaken in mind, or be troubled, neither by spirit,",steven anderson
1,1,Mike yeadon has shown that not all COVID batches are the same. Doctor John Campell on YouTube,yeadon
0,0,"WTF r/conspiracy? Some of these veterans are our biggest allies, organizations like the oathkeepers and veterans for 9/11 truth . I will not be a part of this military hate. Didn't we just have",veterans for 9/11 truth
2,2,"You're missing the part where the first page of the paper you linked has ""The global warming policy foundation "" on it.",global warming policy foundation
0,0,"now well into the second decade of the pause,’ said Benny Peiser, director of the global warming policy foundation . ‘If we don’t see convincing evidence of global warming by 2015, it will start",global warming policy foundation
1,1,"and distrust education as indoctrination into an abhorrent foreign lifestyle? Scratch the surface of the discovery institute and you'll find that it is part of a web of conservative think-tanks, some of",discovery institute
0,1,Annie Machon's ex-partner is also ex-MI5 and his name is david shaylor . He is also a whistleblower and then suddenly became a tranny and moved into,david shaylor
0,0,"Note the weasel words used here, part of the lessons learned after the imprisonment of michael shrimpton . No sane person would pass on any information to a law enforcement or intelligence",michael shrimpton
1,2,Seems about as trustworthy as susan monarez heading the CDC. What could possibly go wrong? >Monarez assumed the acting director position a,susan monarez
0,0,"I thought that was odd. On a side note, does anyone remember that documentary by jay weidner on the Kubrick film The Shining? Toward the end of the video he talks about",jay weidner
1,1,"opener, and largely before most people had smart phones with preinstalled apps for faceflop. Sadly ed snowden confirmed what I was saying then: if they want your voice stifled they can and",ed snowden
2,2,"the pillar on the right (unobstructed view), is the one that has been altered. Edit- massimo mazzucco 's film, mentioned above, is an extremely thorough examination. Aside from one or two minor",massimo mazzucco
0,0,"lies and propaganda, explaining the real science and data without having to constantly fearmonger. The physicians for informed consent are the doctors and researchers you can trust, using their collective power to fight back",physicians for informed consent
1,1,"i don't think dan bilzerian even has that ""depth"" to him. He's literally a vain boy showing off his wealth",dan bilzerian
0,0,I really like stephen c. meyer —such a smart guy! His books are far beyond anything I could fully grasp. I,stephen c. meyer
0,0,"Several prominent physicians, doctors, *Sons of Liberty Media* Health and Wellness expert kate shemirani , her colleague Dr. Kevin Corbett, and I have postulated that the current experimental mRNA",kate shemirani
1,1,opposite today. This weekend it feels like a weight has been lifted. Hearing the latest joe rogan episode with the Weinsteins gave me hope. They basically spit straight r/conspiracy facts about covid,joe rogan
0,1,Hi Leona I think you can contact him via his website: [Dr. buttar website](https://www.askdrbuttar.com/),buttar
0,0,"vaccinated people have only 0.008% chance of getting Covid. https://www.wsj.com/articles/cdc-identifies-small-group-of-covid-19-infections-among-fully-vaccinated-patients-11618490232?mod=hp_lead_pos7 In April 2021, CDC Director rochelle walensky said, ""Our data from the @CDCgov today suggests that vaccinated people do not carry the",rochelle walensky
0,1,"all of their other interests to bring pressure to increase the sale of drugs.” ** g. edward griffin writes:** “Now, one such profitable commercial venture, which they can research through philanthropy is drug",g. edward griffin
0,0,to repeal the ACA? Jamming through radical supreme court justices? Environmental protections eliminated? What is greenwald smoking?,greenwald
1,0,"who combat neo-Nazi organizations today as a ""know your enemy"" approach... Most famously former agent michael german wrote on this topic.",michael german
0,0,"a WHO and USA FDA-approved drug. Worldwide, 3.7 billion doses have been taken by humans. satoshi ōmura and William C. Campbell were awarded the Nobel Prize for discovering Ivermectin. 1. Large, statistically",satoshi ōmura
2,0,"that the answer is quite so innocent."" declares Kennedy assassination researcher and Warren Commission critic robert j. groden , ""This whole thing stinks of the same old cover-up we've seen for three and",robert j. groden
2,2,"his ship, of a certainty! This is a proof that Earth is not a globe."" john jasper , an American slave turned prolific preacher, and friend of Carpenter's, echoed his friend's sentiments",john jasper
0,0,For me it is only because he has been on the alex jones show. Could be he was duped into it but that means he is dumb. If,alex jones
0,0,"of the Burns documentary, but have now read four or five reviews (by John Pilger, james dieugenio and a few others) excoriating it for being a whitewash. Horses for courses, others can",james dieugenio
0,0,"You might like: [Hi, I'm Dr. james fetzer , author of Nobody Died at Sandy Hook, AMA!](https://np.reddit.com/r/ConspiracyAMA/comments/3xw1pb/hi_im_dr_james_fetzer_author_of_nobody_died_at/) (Dec 2015)",james fetzer
0,0,"reason. Here is a quote from from one of the early pioneers in autism research, bernard rimland : >My son Mark was born in 1956. It was obvious from birth that this",bernard rimland
0,1,"does the judge go over a large amount of the evidence that Sydney Powell and l. lin wood included in their lawsuit, but she asks Powell and Wood if this information was vetted",l. lin wood
2,0,Great video and unbiased valid arguments against michio kaku . People should really learn by now to ignore what popular scientists have to say.,michio kaku
0,1,"They all deserve to be pardoned. So do jeffrey sterling , James Hitselberger, Stephen Jin-Woo Kinm, John Kiriakou, Shamai Lebowitz. But even more so Leonard",jeffrey sterling
0,1,archives published in the *Spring 1990* print edition on a scientific conference sponsored by the national vaccine information center in 1989 evaluating serious complications of pertussis infection and whole cell pertussis vaccine in DPT.,national vaccine information center
1,0,"Read and learn, don't be an ignorant: https://uncoverdc.com/2020/04/07/was-the-covid-19-test-meant-to-detect-a-virus/ Dr. thomas cowan Covid19 fails koch's postulates - https://youtu.be/m3LgrcDAlJs Perspectives on the Pandemic | Dr John Ioannidis of",thomas cowan
2,0,a politician Who happens to be an MD. Trust the real science! The science that mccullough risks his life and career to explain to you!,mccullough
1,0,"took some time on my break to check out the article Dr. Malone wrote with peter navarro in *The Washington Times.* That jumped out at me because, hate to say, Peter Navarro",peter navarro
1,1,avi loeb 's theory about an alien spaceship has made the rounds in the media and caused,avi loeb
0,0,care. You claimed “experts” are being bought to lie about HCQ. I can name one. stella immanuel . And I’ll also toss in Joseph Mercola as a freebie. Those doctors are liars.,stella immanuel
0,1,"removal reason there and makes the mods look biased. However, the title is inaccurate. Daniele ganser is NOT a professor and has never been. It's weird that the website claims so.",ganser
2,1,alex berenson created a post on his substack where he used the post as a call for,alex berenson
0,0,"present in the fluids used to indirectly detect the alleged virus are propagated.""* — Dr. stefan lanka (2005) Second, the nasal swab used in fake ""testing"" for a fake pathogen is a",stefan lanka
0,0,"[This will get you started.](https://youtu.be/oiCnrn6LkUo) Researchers: David Icke, Lloyd Pye, Mark Passio, Zecharia Sitchin, erich von daniken [This graphic](https://files.catbox.moe/gfcbs5.png) traces the cult that works with and worships these beings.",erich von daniken
1,1,where interpretation warrants. I also think that his use of sources like James Files and barr mcclellan is suspect when I think their stories have pretty large holes in them. He goes,barr mcclellan
0,0,"happen to a whistleblower? What happened to Edward Snowden, Chelsea Manning, Joe Darby, Linda Tripp, peter buxtun , etc? IDK what would happen but I if they presented proper evidence to the",peter buxtun
2,0,">What would happen to a whistleblower? What happened to Edward Snowden, Chelsea Manning, joe darby , Linda Tripp, Peter Buxtun, etc? IDK what would happen but I if they presented",joe darby
0,1,"as beer-can commandos off on their own private mission. A year later, however, syndicated columnist jack anderson reported that Gritz's team had been sent into Southeast Asia ""with at least initial support",jack anderson
1,1,"examples to include in your letters, search MPAA Google, Hampton Creek USDA Egg Lobby, or folta Bayer Monsanto. Pharma companies do this, too, and there are a bunch of articles out",folta
2,1,"OMG--Tavistock is a scary group. Started looking into them when I was first reading about danny casolaro 's murder and ""the octopus.""",danny casolaro
2,0,"“very little evidence of a widespread benefit” in members of the public wearing masks. Anders tegnell , Sweden's chief epidemiologist: https://nypost.com/2020/08/19/swedens-tegnell-wearing-face-masks-may-be-very-dangerous/?utm_source=share&utm_medium=ios_app Evidence about the effectiveness of face mask use is “astonishingly",tegnell
0,0,No it does not say that the views of kelly brogan regarding COVID are approved by Paltrow. You have the reading comprehension of a cabbage.,kelly brogan
1,1,"Canada? Also lose the foreign name, apparently that works [according to the guardian](https://www.theguardian.com/money/work-blog/2013/apr/11/can-anonymous-cvs-help-beat-job-discrimination). Try ' john white ' or something.",john white
1,1,"to the thousands of MDs and PHDs speaking out, including top vaccinologists like Malone and yeadon , and top cardiologists like McCullough, the opinion of a med student isn't going to",yeadon
1,1,"pretty good value for their money! After all, look how they treat other people - christoph meili gets them 1.25 billion dollars, ruins his life, and gets an AWARD? Not a f**king",christoph meili
0,0,"the flip side of that, with as sophisticated as TPTB are, silencing Julian Assange or edward snowden or some other SJW people put on a pedestal, would be easy as making a",edward snowden
0,0,findings of Bernays the same way they are trying to cover up the findings of nikola tesla . Media manipulations and psy op campaigns wouldn't work as well if every American was,nikola tesla
2,1,"prestigious scientist selected to lead the commission*](http://www.libertysentinel.org/trump-climate-realist-debunk-un-alarmism-2)*,* [*Princeton University physicist and national security advisor Dr. william happer *](https://www.thenewamerican.com/tech/environment/item/24900-alex-newman-william-happer-princeton-professor-discredits-anthropogenic-climate-change-theory) *(shown). Of course, Happer is a widely respected scientist who happens to disagree with",william happer
2,0,"don't cherry pick too much: **1. Sweden caught the virus early, and started testing early** tegnell said the Swedish health-care system has not been overwhelmed because it spotted cases early on.",tegnell
0,1,"author of multiple studies used to claim Thimerosal is safe, recorded phone conversation with Dr. brian hooker , May 8, 2014"" https://www.amazon.com/Vaccine-Whistleblower-Exposing-Autism-Research-ebook/dp/B013V73MTE/ref=sr_1_sc_1?ie=UTF8&qid=1521604704&sr=8-1-spell&keywords=kennedy+autis",brian hooker
0,2,"videos and you'll see what I mean: 1. https://www.youtube.com/watch?v=5YvbxCaQFDE& (Corey caught lying) 2. https://www.youtube.com/watch?v=7aF7A1wEClk& ( jay weidner , Gaia TV's producer who worked with Corey exposes him) 3. https://www.youtube.com/watch?v=p873fsCxOx4& (Corey Goode exposed",jay weidner
0,1,"that could lead to changes in level of consciousness if severe,"" said infectious disease expert amesh adalja , M.D., of Johns Hopkins Center for Health Security in Maryland. He told Health that",amesh adalja
2,1,"of these heroes: https://en.wikipedia.org/wiki/Bhima The book was probably this one: ""Not of this World"" by peter kolosimo I'm not sure, because I read the Portuguese version of it and the title was",peter kolosimo
0,0,that the Trump White House was asking Twitter to take things down. But Musk and taibbi won't tell us what those requests were. What are they hiding?,taibbi
2,2,"whats crazy is dan bilzerian the guy who inherited his money from his father, played pro poker and was basically",dan bilzerian
0,0,"The autism argument stems from one dude; andrew wakefield . They say he discovered some effect of the MMR vaccine that ""big pharma"" was",andrew wakefield
0,0,"project veritas has less than zero credibility. It's a billionaire funded propaganda outfit, not journalism. It's most",project veritas
2,2,"the flat Earth idea, the ice wall, the unbreakable dome, and all of that to wilbur glenn voliva and his religious cult in Zion, Illinois. He basically formed the modern conspiracy that the",wilbur glenn voliva
1,1,[ front line covid-19 critical care alliance ](https://covid19criticalcare.com/guide-for-this-website/how-to-get-ivermectin/). Those are the ones' that are willing to put their careers on the line,front line covid-19 critical care alliance
0,0,"a good cover for intelligence work. Is it a coincidence that both Rowbotham, Carpenter, and samuel shenton , founder of the first organized flat earth group, The International Flat Earth Research Society",samuel shenton
2,1,"the plots to kill Castro involved a poisoned cigar (5). Noted Warren Commission critic, [ vincent salandria ](http://www.ratical.org/ratville/JFK/Unspeakable/COPA1998VJS.html) has something to say about this: >“I’m afraid we were misled,” Salandria said sadly.",vincent salandria
2,1,"were also involved, however. After Shenton's death, the reigns of the IFERS were passed to charles k. johnson , an *""airplane mechanic""* from San Francisco - a center of CIA mind control projects",charles k. johnson
0,0,"the Earth provides what you need almost without a middle man, almost anywhere. But this stanley meyer in a thread about him, I'm here to support his work and celebrate his legacy,",stanley meyer
1,1,If you had actually read peter kolosimo you'd understand that Hancock is just ripping him off for the hundredth time.,peter kolosimo
0,2,james lyons-weiler : “This is just a message to explain that scientists thrive on RATIONAL criticism. Sharing,james lyons-weiler
2,1,"The coincidences abound in this story, michael hastings killed, Breitbart and his coroner killed, Sheriff Joe announces the investigation in to the birth",michael hastings
2,1,"While bernanke normalized money printing, the Nobel Prize was awarded to Bernanke and two others **for their",bernanke
2,1,"to it (or maybe Sirius is the all seeing eye, idk) I never heard of immanuel velikovsky work although I did hear of a similar work by David N Talbott on how",immanuel velikovsky
2,1,"(James Hepburn). **High Treason, The assassination of President John F. Kennedy, What Really Happened** ( robert j. groden and Harrison Edward Livingstone). These should be required reading in every high school.",robert j. groden
1,1,check out the proposed Wilson coup d'etat the 1970s alluded to by multiple sources including peter wright of Spy Catcher fame. That was very naughty for an apparent democracy.,peter wright
1,1,[ kenneth o'keefe ](https://en.wikipedia.org/wiki/Kenneth_O%27Keefe) BTW Kenneth should realize the arrest and trial of all US memebers involved in,kenneth o'keefe
1,1,"and that he was considered a Russian agent. That's not spin. That is fact. https://www.washingtonpost.com/world/national-security/fbi-obtained-fisa-warrant-to-monitor-former-trump-adviser-carter-page/2017/04/11/620192ea-1e0e-11e7-ad74-3a742a6e93a7_story.html jane turner is not relevant at all to the discussion. We were never talking about FBI whistleblowers,",jane turner
1,1,"the DNA contamination was confirmed by multiple independent labs around the world, Surgeon General Dr. joseph ladapo reached out to the FDA & CDC for answers—and they weren’t able to share how",joseph ladapo
0,0,"interview with Chief of Epidemiology of the Centers for Disease and Control of China, Wu zunyou . It is an extensive documentary, in which after some exterior shots of the Wuhan",zunyou
2,2,"is a hoax. Immune deficiency is real but is a syndrome with numerous causes. [Was christine grady Fired Or ""Re-Assigned?""](https://celiafarber.substack.com/p/was-christine-grady-fired-or-re-assigned?utm_source=publication-search)",christine grady
1,1,"and Joe absolutely does not need to have Malone, McCullough, John Abramson, Bret Weinstein or heather heying on his show.",heather heying
1,1,"is no discussion of old-timey conspiracy fodder. Material by Mae Brussel, Robert Anton Wilson, or bill moore . Discussion of UFOs, chemtrails, development of directed energy weapons, rampant militarism and critiques of",bill moore
0,1,light years. Shit. Who are you kidding. BTW here is your fucking UFO Badge (http://caffeine-fueled.com/blog/wp-content/uploads/2012/10/giorgio- tsoukalos .jpeg) Lying piece of crap who can't give true accuracy on archaeology Watch this and,tsoukalos
0,0,"Fair enough perhaps not officially sponsored Monsanto research, but the $25,000 grant they sent to folta said it could “be used at [his] discretion in support of [his] research and outreach",folta
1,1,"paper which purified isolated SARS-CoV-2.”](https://off-guardian.org/2021/01/31/phantom-virus-in-search-of-sars-cov-2/) **“They didn’t isolate the virus, that is the issue.”** -**Dr. wu zunyou **, the Chief Epidemiologist of the Chinese Center for Disease Control and Prevention *Quote at",wu zunyou
1,1,but he never did what you said he did. Nor is he a Nazi (is roseanne barr your source?) I'm not American and not very familiar with Brock. You might prefer this,roseanne barr
1,1,webster tarpley is spot on with his analysis of the British-Judaic alliance of power that rules over,webster tarpley
0,0,"I believe Julian Assange is just another anti-government libertarian, and snowden , willingly or not, has been used by the same global feudalistic group now pushing",snowden
0,0,"political party. The party of FDR, Truman and Kennedy. The party of great Americans like cynthia mckinney , Alan Grayson and Dennis Kucinich. It's really a shame because the progressives have some",cynthia mckinney
2,0,ignoring the whole point of this post. Verified and non verified accounts are calling for assanges Assassination which violates the rules and it has been over a year of threats from,assanges
1,1,sub. I initially heard it from an interview with Dr Fleming on the Highwire with del bigtree . I have looked at the science papers he mentioned and there is a real,del bigtree
0,0,"Also I believe fluoride action network has document packages of scientific studies and evidence showing the dangers of ""fluoride"" which is",fluoride action network
1,1,"You know, one other guy who I feel is criminally underrated is richard cassaro and his research into the ancient advanced civilization. He's written a few books, has a",richard cassaro
1,1,"And Obama did back in '08. And Gingrich did. And Ken Starr. And Lewinsky. And linda tripp . All dared to cross the Clintons, and now they're all dead. They'll be missed.",linda tripp
1,1,eating pulled pork inside of a mosque and expecting not to get kicked out. Rip aaron swartz .,aaron swartz
1,1,"radio” propganda ciraca 1900s and today’s 21st cent ONLINE PROPAGANDA. It’s not a coincidence that martin geddes is bashing “tv & radio”: look at his personal webpage, he is a proud PR",martin geddes
2,2,"Yep, and it is all correct. ben bernanke gives a summary of how the government spends at [8:00.](https://www.youtube.com/watch?v=odPfHY4ekHA) Google Modern Monetary Theory if",ben bernanke
2,1,"to jet fuel, and much more. And he has the documents to prove it. ** william happer ** ""The Real Inconvenient Truth; CO2 Does Not Cause Global Warming"" Bio -- Prof. Happer",william happer
1,1,"Which is a fucking bummer, especially after reading about the R-Complex in one of carl sagan's books. Anyways, critical thinking is afoot, I'm going to retract into lurking and watch this",carl sagan's
1,1,in the thread (Sarah Harrison) then go look at who became the mod at r/ whereisassange,whereisassange
0,0,"OP, thank you for posting this. I'm a murican, and a long time admirer of matt taibbi 's journalistic skill. He nails it with such smooth eloquence, and snappy, exciting SAT vocabulary!",matt taibbi
1,1,unable to provide for themselves after the UFC means it's fake. Watch Josh Emmett vs bryce mitchell and tell me how he faked his convulsion. Also Belal Muhammad would have never won,bryce mitchell
1,2,"I much prefer carl sagan's Baloney Detection Kit. In fact, Shermer seems to have ripped off the ""Baloney Detection Kit""",carl sagan's
0,1,involved in without their destruction. And for the six millionth time I don't care why edward snowden did what he did. The fact is the United States Government broke the law and,edward snowden
1,1,"the conclusion I've come to. I'll have to check that book out, I'm familiar with daniken by name but haven't actually read any of his work.",daniken
0,2,"But they ignore 100s that haven't been arrested to make this false claim. Look up mikki willis , creator of the Plandemic video. Obv not a Fed, violently enterted the Capitol and",mikki willis
0,0,Collapse seems to be the obvious trend. Look at Greece. vladimir bukovsky spent many years in Russian labour camps and psychiatric prisons for defending human rights. He,vladimir bukovsky
1,1,"was no spin from his questions. None. Only truth."" - 9/11 Family Member, Jersey Girl, lorie van auken",lorie van auken
0,0,"The Lulzsec domain is registered by Adrian Lamo, aka the guy who snitched on bradley manning . http://pastebin.com/0Gxgu6ns",bradley manning
2,0,"the article, still listed as a Director for it on the WAVE website. Funding The national vaccine information center (NVIC) donated $2,500 and Michael Belkin made a personal donation of $500 in memory of",national vaccine information center
0,0,"I’m just going by what janet yellen , Jerome Powell, the owner of The Washington Post, and a vast majority of economists",janet yellen
0,0,"by these two virologists, are beyond absurd. One of them is Nobel Prize winner Dr. david baltimore . Watch him squirm over supposed “textbook stuff.” I mean, why should he have to",david baltimore
0,0,"ss: gregory wrightstone , executive director of the CO2 Coalition, told Just The News that global greening is",gregory wrightstone
2,2,"ss: Gregory Wrightstone, executive director of the co2 coalition , told Just The News that global greening is among benefits of global warming that",co2 coalition
2,2,"credible source to back up this claim, right? Timothy McVeigh, Eric Rudolph, Patrick Wood Crusius, robert gregory bowers , Payton S. Gendron, Dylann Roof. These are just the right wing terrorists that come",robert gregory bowers
0,0,to move around and share with each other during our waking hours. It seems that tila tequila (or whoever wrote this) is on to some pretty deep parts of this whole topic.,tila tequila
1,0,"hope it gains the attention it deserves, but with the attention the A&E for 9/11, scholars for 9/11 truth , Pilots for 9/11 truth, and Veterans for 9/11 truth should have been getting by",scholars for 9/11 truth
2,0,**The [News.com.](http://www.news.com.au/national/crime/inquest-into-sydney-siege-shown-letters-written-by-gunman-man-haron-monis/story-fns0kb1g-1227369289995) story resonates with the seymour hersh / Osama bin Laden bullsh*t..** >Which runs to [hundreds](http://np.reddit.com/r/worldnews/search?q=Seymour+Hersh+%2F+Osama+bin+Laden) of Reddit listings and has a,seymour hersh
2,2,"Yeah the conspiracy gets weirder and weirder the more you look into it. You've got neil degrasse tyson , the supposed smartest scientists in the room with like 9 PhD's in physics agreeing",neil degrasse tyson
0,0,"we had started the highly controversial AIDS column in SPIN, we published an article by celia farber called “Sins of Omission” about the truly bad and corrupt science surrounding promoting AZT as",celia farber
1,1,This dude john searl built flying devices in his backyard it’s not about the cost it’s about the money,john searl
0,1,"Interestingly, Dr. sagan wasn't the first to coin such a saying, though if I dare say the hottest",sagan
0,0,"some groundwork and the technology platform , but Dr. Katalin Karikó and her collaborator Dr. drew weissman are credited with truly inventing the blueprint for mRNA vaccines. Malone even reaches out and",drew weissman
0,1,AIDS research but this stolen cure from goats is news to me. People should read celia farber 's excellent article on Fauci's mishandling of AIDS in SPIN magazine from the 90s. She,celia farber
2,1,a discussion on r / AlternativeHistory about ancient aliens and how some of the 'sources' zecharia sitchin quotes aren't real sources).,zecharia sitchin
2,0,no one saw a cruise missile that day. the five frames were doctored and meyssan 's book released in order to disinform everyone into becoming missile theorists. there was a,meyssan
2,2,"knowing that Trump is President. This videos is very interesting, and the Jeff Rense & daniel estulin - The Bilderbergers… How Did Trump Win? https://youtu.be/1PtSBt9EDmA",daniel estulin
1,1,your life was you'll only have yourself to blame. No Jew would ever link to david duke . You're a liar and you know what you are. Stormcunter.,david duke
0,0,Yes I believe the story of ron wyatt . Especially because Indiana Jones came out like directly after he made those discoveries.,ron wyatt
0,2,"I actually attended giorgio tsoukalos ' conference in Chicago the other day, and Puma Punku is one of this central",giorgio tsoukalos
0,0,"[The ""science crusades"" were started by the Heritage Foundation and discovery institute .](https://ncse.com/files/pub/creationism/The_Wedge_Strategy.pdf)",discovery institute
0,0,Hotel (near the Kremlin) in Moscow on [page 364](https://i.imgur.com/y9LW3QE.png) of The Art of the Deal. viktor suvorov says the KGB ran Intourist. The KGB used prostitutes & surveillance to obtain kompromat on,viktor suvorov
0,0,"study. “It’s a textbook example of how natural immunity is really better than vaccination,” says charlotte thålin , a physician and immunology researcher at Danderyd Hospital and the Karolinska Institute who studies",charlotte thålin
0,0,Hastings? Glenn Greenwald's boyfriend? We know what happens to the ones that are actually impartial. barrett brown did an AMA in this sub. Did you even know that?,barrett brown
1,0,"agencies, it never really gets found out or admitted. But look into the likes of danny casolaro , Gary Webb, Maury Terry, what they were investigating, and how they ended up.",danny casolaro
0,0,"vaccines that we call ""perfect vaccines"" the covid vaccines are ""leaky vaccines"". Can you read? andrew read from Pennsylvania State University thinks that the vaccines were responsible. The Marek’s vaccine is “imperfect”",andrew read
1,2,"stick the marbles in your ass, or you get dead. See Patrice, for example. If icke didn't stick the reptillian marble up his ass at the end of every lecture, he'd",icke
2,2,"maybe**. The *3* towers were brought down with demolition devices, according to basic Newtonian Physics.](http://www. ae911truth .org/images/articles/2014/11/twenty-five-points-10-19-14-3.pdf)",ae911truth
0,0,"Kaysing confessed that he made the whole thing up before he died, and Bart Sibrel, david percy , Massimo Mazzucco and others have been caught outright *fabricating* evidence, because they know their",david percy
0,1,"""Filmmaker and health freedom advocate ty bollinger has jumped head first into the choppy waters of the vaccine debate to investigate BOTH",ty bollinger
0,0,"Join Dr. Andy wakefield after the premiere this Friday at 2:30 p.m. ET Immediately following the 30-minute film, don’t",wakefield
0,0,"halbig asks some simple deceptive questions, questions that if get answered correctly or incorrectly blow the",halbig
2,1,"Obama, Bush and that Hillary was already arrested. Also person caught logging into Q https://newrepublic.com/minutes/150680/qanon-conspiracy-theory-spread-social-media-hustlers tracy diaz",tracy diaz
1,1,was part of a fake defector program run by our government. https://youtu.be/-Rh7yrIOmY0 Oliver Stone and james dieugenio discussion. 31:02 is the Oswald / CIA / Russia mention.,james dieugenio
0,0,"and that we have a responsibility to upload that law in our society."" US Representative louie gohmert 13. ""I believe that our nation was founded on a belief in God, and that",louie gohmert
1,1,and take screenshots of their own comments for later use. That’s why the immediate pointing nick fuentes came out so fast…easy fall guy for Mossad to blame,nick fuentes
1,1,seth abramson is probably the best guy to follow on Twitter regarding the actual campaign and more,seth abramson
0,0,We are at the end stage of seeing our open system closed down. naomi wolf has an excellent talk on this subject. Once an open system has been closed there,naomi wolf
1,1,"the U.S. is about to move against him militarily."" http://articles.latimes.com/1986-10-02/news/mn-3930_1_moammar-kadafi **TARGET QADDAFI By Seymour M. hersh ; February 22, 1987** >EIGHTEEN AMERICAN WARPLANES SET out from Lakenheath Air Base in England",hersh
1,1,"visibly at a higher temperature then physically possible with a fire, and ofc another fav kurt sonnenfeld",kurt sonnenfeld
1,1,I follow sean carroll podcasts sometimes. There was one where he was interviewing her. It appalled me so much,sean carroll
1,1,"with COVID, your body’s immune system develops antibodies to the entire surface of the virus,” makary said. “Not just the slight protein that the vaccines gives you, but the entire surface.",makary
1,1,is from *before*](http://i.imgur.com/iHf7vJG.png) the shootings... This one is an article [based on a tweet](https://twitter.com/BryanJFischer/status/611530746625421312) from bryan fischer that was only posted about 8 hours ago. So now we're to assume that Huffington,bryan fischer
0,0,"at the University of Alaska Fairbanks (UAF), following a four-year computer modeling study funded by architects & engineers for 9/11 truth , contradicting those of the National Institute of Standards and Technology (NIST), an agency of",architects & engineers for 9/11 truth
2,2,"What contract? The contract that was ""Alleged"" To be seen by carl froch , the retired boxer who is dying to get a cash in fight with Jake",carl froch
0,1,"9/11 Studies. He was also a founding member of Scholars for 9/11 Truth & Justice, scientists for 9/11 truth , and the 9/11 Working Group of Bloomington. Also a former board director at Architects",scientists for 9/11 truth
1,1,two great bits of helpful advice from top scientific experts: * World Health Organization chief tedros adhanom ghebreyesus said Tuesday that widespread travel bans and restrictions weren’t needed to stop the outbreak and,tedros adhanom ghebreyesus
1,1,"of the deal, and then participating in *Apollo-Soyuz* BS. *> In 1976, a US citizen bill kaysing * I don't care. You are desperately strawmanning. Soviet Union never had access to evidence",bill kaysing
1,1,of Loretta Fuddy. Starts at 1:10 http://www.blogtalkradio.com/wheresobamasbirthcertificate/2014/01/30/dr-grace-vuoto-on-the-mysterious-death-of-loretta-fuddy Here is an example and account of how pamela geller experienced it plus other info. https://cdrkerchner.wordpress.com/tag/blogtalkradio/,pamela geller
1,1,"Eyes](https://en.wikipedia.org/wiki/Five_Eyes?wprov=sfti1) began in 1966 and was not officially confirmed by the US until 2015 after edward snowden’s whistleblowing, despite whistleblowing beginning in 1972. Besides spying on citizens, industrial espionage happened plenty.",edward snowden’s
0,0,"Daniel Ellsberg, Perry Fellwock and a. ernest fitzgerald , to name just a few. Granted, whistleblowers did not get as much coverage back",a. ernest fitzgerald
0,2,SS: This paper written by martin geddes is a detailed breakdown of Q. I would like for more people to see it,martin geddes
1,2,"my father did. His health has clearly deteriorated since. He's just bought a book by tim spector , a vaccine salesman, that has basically suggested he start reading the labels of the",tim spector
2,0,alex berenson literally sued Twitter and won because he argued the government pressured them to censor him,alex berenson
1,1,yeah loads of suspect stuff but more nonsence theories tho like the one david shayler use to promote saying it was holograms or Judy Wood BS well debunked lies of,david shayler
0,0,roseanne barr - a shining beacon of knowledge and wisdom. Thank god she's willing to put her,roseanne barr
0,0,"Seriously. dinesh d'souza , known propagandist for Trump and the Conservative party, who received a presidential pardon from",dinesh d'souza
1,1,discredit the left counterculture/anti-war movement/hippies/BPP etc. O’Neill also uncovered documents from Dr. Jolie West & sidney gottlieb heavily implying that they were successful in brainwashing/programming subjects. I don’t think MKUltra was a,sidney gottlieb
0,0,followed before any of that is needed however. This happens in the US as well. greenwald got scared off naming names by a government phone call and other reporters are getting,greenwald
1,1,"of the military. The problem most people have organizing is ""who is the culprit?"" Thankfully assange provided us nicely formatted excel spreadsheets in the leaks. We're not afraid to fight or",assange
1,1,mark dice asks questions. The idiots that answer the questions humiliate themselves. Have you ever heard of,mark dice
2,2,contradicting their earlier paper and showing that oceanic temperatures have been dropping since 2001. Author kevin trenberth . Source 3 A warming pause is proven by the satellite temperature data which you,kevin trenberth
2,0,include increase in attempted non completed suicides or increase in wanting to commit suicide. http:// breggin .com/studies/EliLillyWithheldProzacDocuments.pdf Here's the lead investigator at a congressional testimony https://www.youtube.com/watch?v=SBJfZtB_3cc Michael moore on eli lilly,breggin
1,1,webster tarpley was one of the first to point out Snowden might be a Limited Hangout. I,webster tarpley
2,0,"proper chance that those statements about Brennan could have originally been in the context of michael hastings . The reason for not giving us the audio track directly, but recording from the",michael hastings
1,1,"Carnegie foundations have been promoting socialism since their inception.” [None Dare Call it a Conspiracy, gary allen , 1971](http://www.vielewelten.at/pdf_en/non%20dare%20call%20it%20conspiracy.pdf) [Norman Dodd,](https://en.m.wikipedia.org/wiki/Norman_Dodd) chief investigator on the Reece Committee stated: “The only way to",gary allen
1,2,"former Major General Smedley D. Butler Corrupt to the Core by former Health Canada employee shiv chopra Connect the dots! They're not even hidden, all of this information is on the internet,",shiv chopra
1,1,"That is true. Way before then. It's just that jesse ventura brought light to it again back in 2009 with his show ""Conspiracy Theory"".",jesse ventura
0,0,It's not about ann coulter . I love this subreddit. Don't want to see it turned into a AM radio,ann coulter
1,1,"an especially good idea, because it tends to suppress any hereditary propensity toward fanaticism. ~ carl sagan Where it is a duty to worship the sun, it is pretty sure to be",carl sagan
1,1,"some popcorn and really digesting the conversation andrew kaufman has been broadcasting, as well as stefan lanka , and kary mullis. Its all utter fraud down to every detail.",stefan lanka
1,1,"Look up the water-powered car conspiracy. In the 1990s, the inventor, stanley meyer , created a water pump that you put on your car and it replaces the",stanley meyer
1,1,"learn more about mrna shots like the covid ""vaccine"" check out Dr. Robert Malone, Dr. christiane northrup , Dr. Richard Amerling, Dr. Peter McCullough and many more. These are all doctors and",christiane northrup
1,0,"**Submission Statement** paul krugman , the celebrated economist and Nobel laureate, cautioned us normies on the night of the",paul krugman
0,2,"FBI moguls and organized crime kingpins - emerging from the conference to tell his mistress madeleine duncan brown that ""those SOB's"" would never embarrass him again.",madeleine duncan brown
1,1,">Watch the damn video. You do realize of course that searching for "" robert gallo AIDS"" in a Google video search gives over 300,000 results, right? And although many of",robert gallo
1,1,"respiratory protection and infectious diseases: https://www.cidrap.umn.edu/news-perspective/2020/04/commentary-masks-all-covid-19-not-based-sound-data?utm_source=share&utm_medium=ios_app ""Cloth masks are ineffective as source control and PPE"" jenny harries , UK deputy chief medical officer. http://archive.vn/7z5B1?utm_source=share&utm_medium=ios_app “For the average member of the public walking",jenny harries
2,2,on mars : the Avebury connection - it's mind blowing. ff through the intro to david percy on stage. Avebury in England scaled up 14 to 1 is a perfect map of,david percy
0,2,"Oh, and if we are speculating. I think it was about barrett brown , although the only source for that is a tweet from FreeBarrettBrown.",barrett brown
1,1,"eugenics and big pharma have tangible connections. The FDA commissioner between 2009 and 2016 was margaret hamburg : daughter of not one, but two presidents of the American Eugenics Society. Of course",margaret hamburg
2,2,"How is it armchair speculation? richard cassaro comes from a family of archeologist, he grew up in the field and he's spent",richard cassaro
0,0,"Former CIA officer frank snepp exclaims how he, on behalf of the CIA, targeted respected journalists who had large followings",frank snepp
1,0,"about VAERS was in 2006, when the (in)famous père et fils duo of Mark and david geier went dumpster diving into VAERS to try to “prove” that thimerosal-containing vaccines cause autism, something",david geier
0,1,"watch the video"", assumes the video is mistranslated (wishful thinking - how ""scientific"") and slanders arnold gundersen as ""not a credible expert"".",arnold gundersen
1,0,"so you know, the evidence is building. Checkout Mr Yildiz's magnetic motor too: http://www.youtube.com/watch?v=CkndsuakDzo Or john searl 's SEG device: http://www.youtube.com/watch?v=OBOwolOuHm8",john searl
0,0,"FBI moguls and organized crime kingpins - emerging from the conference to tell his mistress madeleine duncan brown that ""those SOB's"" would never embarrass him again. It's a jaw-dropping deposition and it's the",madeleine duncan brown
2,2,Where were all these anonymous whistleblowers since Kennedy was murdered by the CIA? george de mohrenschildt .,george de mohrenschildt
0,0,don't care about what some subreddit thinks. I already referenced Dr. Katalin Karikó and Dr. drew weissman . I said nothing about r/coronavirus. >Israel and UK data begs to differ That's an,drew weissman
0,1,"anthony fauci , Peter Daszak, Bill Gates, Anthony Bourla, Donald Trump…. I could go on all day",anthony fauci
1,1,them. http://dailycaller.com/2017/03/07/cia-sought-out-to-hack-cars-leaked-docs-say/ This is an article talking about the hijacking and linking another article discussing michael hastings being killed because he exposed NSA and CIA corruption and was in the middle of,michael hastings
0,0,"cleverly disguised as “wisdom” when in fact they are sheer nonsense! SOMETHING FROM NOTHING ? richard dawkins & Lawrence Krauss [HD] 02-04-12 •Feb 12, 2012 - You Tube ShirleyFilms Richard Dawkins can't",richard dawkins
1,1,'Global Warming: the Origin and Nature of Alleged Scientific Consensus' was underwritten by OPEC.](https://www.sourcewatch.org/index.php/Richard_S._Lindzen#cite_note-7) [ gregory wrightstone has worked in the oil &amp; gas industry for over four decades.](https://www.desmog.com/gregory-wrightstone/) CO2 Coalition is,gregory wrightstone
0,0,"APPROACH TO MORTALIY \[...\] IF* ***SOMEBODY DIES*** ***WITH*** *COVID-19,* ***THEY DIED*** ***OF*** *COVID-19.""* \~ Dr. deborah birx , U. S. Pandemic Response Coordinator, 2020\~2021 **https://www.youtube.com/watch?v=blZpgra3XbU** &#x200B; >***""THE VACCINES ARE VERY GOOD!... VERY,",deborah birx
1,1,"sayer ji , bachelors degree in philosophy. Seems legit to me. As someone who has received a",sayer ji
1,1,doesnt want a third country bombing his extended family to death. Do you have to deep throat the boot?,deep throat
0,0,I'm going to need some citations from you my dude. I havr also read wakefield 's study plus my links above. You got any sources or are you just making,wakefield
1,1,">I don't care what stupid journals say, I care what practitioners on the ground say. america's frontline doctors is a brand new organisation with eye doctors, plastic surgeons and a GP. These are",america's frontline doctors
0,0,"them in the Philippines? What land do they have a claim to there? Who radicalized mohammed yusuf to form Boko Haram, who are they trying to liberate? Every Muslim state in the",mohammed yusuf
2,2,"lies to us? have you seen snowden in interviews? look at his body language. http://www.businessinsider.com/body-language-expert-analyzes- snowdens -nbc-interview-2014-5 he laughs, he says he sleeps fine. is that how manning feels?",snowdens
0,1,foundation to strengthen immunity. Then focus on nutrition and supplementation (vitamin C is biggest one). sayer ji of greenmedinfo.com - Big pharma companies can choose whether or not to publish data=>bias -,sayer ji
2,1,know a contractor who worked on Drax the Destroyer's Florida saferoom. My buddy heard from paul stamets how conceal carry saved his life from industrial assassins. John McCaffe is still on the,paul stamets
1,1,calculate the curve of the earth some good youtube channels for you jeranism eric dubay mark sargent watch a video from each of those guys and tell me you still think it's,mark sargent
0,0,"Obama help Islamist groups in Syria and elsewhere but Iran is not a terrorist nation, ben garrison . You know better that Iran has been fighting ISIS and is an ally of",ben garrison
1,1,"Or ""The Morning of the Magicians"" by Louis Pauwels, jacques bergier that looks at history in much the same way and was way ahead of the",jacques bergier
2,0,"Story, Michael Ruppert, and Edward S Herman are fav writers of the investigative journalist type. frank snepp , Philip Agee, John Stockwell, Victor Marchetti, Fletcher Prouty, Sibel Edmonds, John Kiriakou, and Jeffrey",frank snepp
1,0,"Just the tip of the iceberg. [ jeffrey m. smith ](http://en.wikipedia.org/wiki/Jeffrey_M._Smith) the interviewer, who makes most of the anti-GMO claims, has no scientific credentials and",jeffrey m. smith
0,0,"OP here. i actually posted this to show how CNN is smearing william binney , not because i want to smear him. the headline is theirs, not mine",william binney
1,1,"That study has been retracted. The author is brian hooker . In my opinion, this means the study is even more credible. Brian Hooker is",brian hooker
0,0,Bukovsky is talking about the EU having an apparatchik like governing body like the USSR. vladimir bukovsky spent many years in Russian labour camps and psychiatric prisons for defending human rights. He,vladimir bukovsky
1,1,"prominent civil rights attorney who has assisted the American Indian Movement and worked in the karen silkwood case, presents the shocking facts of the comprehensive, continuous complicity of the local and federal",karen silkwood
0,0,"12, the head of the American Academy of Pediatrics wrote in a letter to Dr. janet woodcock , acting commissioner of the FDA. The urgent plea comes as the U.S. experienced the",janet woodcock
2,1,"more absurd. And it has to stop.” — Dr. Pierre Kory, MD, president of the front line covid-19 critical care alliance (FLCCC) A peer-reviewed study published last month found the prophylactic use of ivermectin reduced COVID",front line covid-19 critical care alliance
0,0,is what sickos say when they're trying to control other people. Find the report where christine maggiore was tested for Pneumonia and link it for us to all see. SO if all,christine maggiore
0,0,I have followed this topic closely since william thomas wrote about chemtrails. He lives in my area and I do believe the west coast,william thomas
0,0,educated it’s retarded offspring. I would expect nothing less from someone who sounds like they deep throat a mic and call music.,deep throat
2,2,"seems like a nonsense site. I mean, ""Look, they both have ears. PROOF 100%"". But bill hicks is Alex Jones. lol",bill hicks
0,0,enjoyed that! That was painful to read. It was like Dan Brown and Giorgio A. tsoukalos got together to write something,tsoukalos
0,0,alex berenson discusses this on his website. The vaccines did reduce the likelihood of death when they,alex berenson
0,1,"it was too late, the cat was out of the bag. Remember that it was linda tripp who secretly recorded conversations with Lewinsky (illegally), and handed them to Kenneth Star.",linda tripp
0,0,"I much prefer Hancock. Just look up a few inconsistencies with daniken , he has said some troubling things about his own work",daniken
2,1,"plane overflew the Pentagon. RCFP: Have you read the criticisms of CIT’s work from Arabesque, jim hoffman and Victoria Ashley, and do you think they have merit? Zwicker: They lack merit because",jim hoffman
2,2,"the hired *""chills & fund its""* (it rimes) will have a field day smearing Mr. snowdens good reputation. They arrive like vultures. Nothing can take away what Mr. Snowden did us",snowdens
0,0,"Strike In U.S."" was revealed - was [accused of lying and cover-up](http://www.historycommons.org/context.jsp?item=a052102memo#a052102memo) by ex-FBI whistleblower coleen rowley - [compares ""dissent"" to terrorism (!)](http://www.historycommons.org/context.jsp?item=a101802continuum#a101802continuum) - [rewarded & promoted FBI officials](http://www.historycommons.org/context.jsp?item=a120402promotions#a120402promotions) responsible for 9/11",coleen rowley
0,0,"Yes, this should not be confused with [ front line covid-19 critical care alliance ](https://covid19criticalcare.com/).",front line covid-19 critical care alliance
0,0,This ties in here quite nicely. [https:// breggin .com/dr-faucis-covid-19-treachery/](https://breggin.com/dr-faucis-covid-19-treachery/),breggin
0,0,"an employee of the Mesa County clerk’s office allegedly leaked the passwords to conspiracy theorist ron watkins before they were posted on the right-wing blog Gateway Pundit. At Lindell’s symposium, Peters labeled",ron watkins
2,1,"This remote viewing reminds me of ""The Genesis Machine"" by james p. hogan https://en.wikipedia.org/wiki/The_Genesis_Machine and the humanoid supervisors fits into his ""Inherit the Stars"" series where a break",james p. hogan
0,2,as this isn’t an opinion piece or even remotely fake news. These are quotes from dr fauci .,dr fauci
0,0,I know very little about mark dice . This is only the second video of his that I recall seeing. The first,mark dice
0,0,reached out to many scientists about this and so far I’ve only received confirmation ( stephanie seneff of MIT and Dr. Byram Bridle of the university of Guelph) that this is indeed,stephanie seneff
1,1,i was able to click on and see edward snowden's btc transfers. I would imagine it'd be easy to see all of wikileaks transfers as,edward snowden's
0,0,"investigation into methods of ""the remote electronic activation of the human organism."" 14-year CIA Veteran victor marchetti has stated on record that MKUltra never really ended, and that claims that it did",victor marchetti
1,1,https://ssristories.org/murderous-n-y-nanny-in-coma-after-killing-2-young-children-examiner-com/ or better yet there are examples to better yet read medication- madness by Peter breggin . A fantastic book. Here's some of the lawsuits he's been invovled in and that's,breggin
1,1,"toll is far higher than its Nordic neighbors' and many other countries that locked down. tegnell said there were good points to Sweden's unusual strategy, which largely relies on people to",tegnell
2,1,"Not important who lord jamar is, I wasn’t even familiar with him. I just appreciate him explaining why BLM isn’t",lord jamar
2,2,story involving horses? Did a Virus in Horse Manure Launch the 1918 Influenza Epidemic? ”Professor john oxford : The 1918 pandemic was huge. I’ve spent a lot of my life working on,john oxford
0,0,"out of our manufacturing economy, out of our communities, out of our tax bases."" - peter navarro",peter navarro
2,2,caught in a child porn sting which was covered up by Rosenstein [CBS News journalist sharyl attkisson accuses the same group of spying on her for investigating the Fast and Furious and,sharyl attkisson
2,1,mark crispin miller is great and was a leading academic voice in opposition to the 9/11 propaganda and,mark crispin miller
1,1,most of it was already common knowledge in the field mRNA research. It was Dr. katalin karikó and Dr. Drew Weissman who performed most of the groundwork for mRNA vaccines. Dr. Malone,katalin karikó
1,1,LOL... talk to some sold-out mainstream conspiracy hippy like russell brand . It isn't like Vice gives a shit for real conspiracies or that real conspiracy,russell brand
0,0,"SS: robert m. bowman (September 19, 1934 - August 22, 2013) was a former Director of Advanced Space Programs",robert m. bowman
2,0,"fully confiens the recent reports published in Continuum by E. Papadopulos and by S. Lanka. harvey bialy , editor of the journal Bio/Technology has stated that (14) ""A powerful hypothesis has to",harvey bialy
0,0,"Cassandra Fairbanks of the Gateway Pundit apparently leaked information that mike cernovich , Pizzagate Architect, made an extra\-marital sex tape with Laura Loomer. Ms. Loomer has a",mike cernovich
0,0,\>And Dr. stella immanuel has treated hundreds of people with HQ and had zero deaths. Of course the media,stella immanuel
1,1,"he is a cretin, a buffoon, a bigot, or a dangerous paranoid.” [The Rockefeller File](https://archive.org/details/TheRockefellerFile/mode/2up) gary allen , 1976",gary allen
0,2,"Amongst the other points are the fact that the former president appointed John Bolton and robert kadlec to key positions in his administration, pushed remdesivir on Americans, and kept Fauci and Birx",robert kadlec
0,0,"Aaron Mate', Kurt Metzger and max blumenthal reveal how the propagandists at the Web Summit have cancelled their show for too much",max blumenthal
0,0,"That article is just quoting an article from america's frontline doctors , which is a right wing political organisation. I would not be surprised if AFD",america's frontline doctors
0,1,arrest warrant application. Here is the full conversation on that date (according to the application): @wikileaks : Do you have secure communications? @WikiLeaks: Send any new material here for us to,@wikileaks
1,0,a direct link to the Florida Health announcement page: [**State Surgeon General Dr. Joseph A. ladapo Issues New Mrna COVID-19 Vaccine Guidance**](https://www.floridahealth.gov/newsroom/2022/10/20220512-guidance-mrna-covid19-vaccine.pr.html) And an archive of that page: https://archive.ph/EM92J,ladapo
2,1,"Same with HIV, an American scientist ( robert gallo ) holds a damn patent on it. It was part of the previously secret US",robert gallo
0,0,"majority of cases and hospitalizations we’re seeing are among unvaccinated,"" said U.S. Surgeon General Dr. vivek murthy . ""And what we know across the country is that 99.9% of deaths from COVID",vivek murthy
1,1,Pretty out there bro! - I also like zacharia sitchin ’s books and I quite strongly believe there was most likely a great flood as,sitchin
1,0,"Why am I not surprised that you'd cite the discovery institute , who were the ones behind the list. Amusingly, the scientific community did pull together",discovery institute
0,0,through sex. Many lawsuits against medical institutions and false positives: https://m.facebook.com/HIV-Test-and-Pharma-Victims-Lawsuit-Info-158011150932728/ The AZT Scandal by celia farber http://www.spin.com/featured/aids-and-the-azt-scandal-spin-1989-feature-sins-of-omission/ More media coverage here: http://www.duesberg.com/media/index.html ^website of dr Peter duesberg PHD prof molecular and,celia farber
0,2,"justices without prior judicial experience [going back to 1789](https://supreme.findlaw.com/supreme_court/justices/nopriorexp.html), including the Chief Justice prior to john roberts .",john roberts
0,0,failed to follow NFPA 921 guidelines for fire and explosion investigations. ___ [Erik Lawyer from firefighters for 9/11 truth gives an excellent speech about the non investigation](http://www.youtube.com/watch?v=TULmLtqRXZ4) >There were all kinds of firefighters and,firefighters for 9/11 truth
1,1,"This has been predicted by many people. If you are getting your info about whitney webb from a Tweet, then you are low-information or disinformation. Read actual Whitney Webb articles at",whitney webb
0,0,"I didn't know either, so I did a quick search. bryce mitchell is a UFC fighter who recently ""praised Hitler"" (I didn't read past the headlines, so",bryce mitchell
1,1,sibel edmonds is behind this push of Tice; this concerns me because there is much to be,sibel edmonds
1,2,"be even more warming: **but the data are surely wrong. Our observing system is inadequate**. kevin trenberth , of the University Corporation for Atmospheric Research (NCAR) [Climate Gate Emails](http://www.assassinationscience.com/climategate/1/FOIA/mail/1255352257.txt)",kevin trenberth
0,0,"anything to it, I'll send you a message. Edit: For fucks sake, it links to david icke . The guy who believes **lizards rule the Earth.**",david icke
1,0,Maybe it's not true? Maybe this whole snowden thing is a massive and extremely clever and effective disinformation campaign designed to sew paranoia,snowden
0,0,I've read hersh 's piece and I think it is excellent. The Obama regime definitely exaggerated their certainty,hersh
1,1,"history does a great job of telling us who he was, he was a black david duke . The fact people who claim tolerance or a belief in equality romanticize him and",david duke
1,1,My views about BLM is virtually identical with lord jamar . It's one that was given to the black community by radical leftists with a,lord jamar
1,1,"media machine is its own kind of beast But that doesn't change my point - project veritas has a terrible track record. What point are you really trying to make here, besides",project veritas
2,2,"at N.I.H.” The New York Times, September 4, 2025. “The Trump administration last week fired susan monarez … who had clashed with… Robert F. Kennedy Jr., over vaccine policy.” https://www.nytimes.com/2025/09/04/health/nih-whistle-blower-complaints-vaccines-trump.html • “75%",susan monarez
2,0,"of information” did Q have correct? It’s a near certainty Q was Ron Watkins and/or paul furber . It was always people LARP’ing, and clearly you fell for it.",paul furber
1,1,"other prominent founding Occupiers from New York City to London to film an episode of julian assange’s show.""[191]",julian assange’s
2,1,"general public's perception goes, anyone who is interested in alternative history may as well be giorgio tsoukalos , and that was so clearly by design.",giorgio tsoukalos
2,1,"but which the USA spent billions to create the conditions which caused it. Read [ seymour hersh 's article about Nord Stream](https://seymourhersh.substack.com/p/how-america-took-out-the-nord-stream). Is that what friends do to friends? As it happens,",seymour hersh
0,0,"""wouldn't have interviewed her four times if they didn't."" How the missing pages were found roger sollenberger , an independent journalist and former Daily Beast reporter, found a serial number gap in",roger sollenberger
1,1,"a new disease, all vaccines except this new one are safe/effective). Malone NEVER talks about kary mullis , Sam Bailey, Kaufman, Cowan and all the smart scientists who called out the COVID",kary mullis
1,1,my excitement by seeing this post. My friend and I are actually very aware of paul stamets and his work and are actually trying to start up a social innovation project inspired,paul stamets
0,0,of cultures) and eventually stopped in Tibet. look up Ignatius Donnely's book about Atlantis and james churchward 's book on Mu (Lemuria). If you want to go deeper than that I suggest,james churchward
1,0,"even though we've only dug 8 miles down. We're so sure of everything even though michio kaku states: *""In cosmology we're off by a factor of 10 to the 120. That's one",michio kaku
1,0,You also didn’t back up your allegation of me *misquoting* carl sagan . So I’ll take that as an admission of you being dishonest/ making me out,carl sagan
1,1,"man. There are a few people that are asking good questions about evolution itself, like michael behe 's work on irreducible complexity and some other biochemical challenges. You should also look at",michael behe
1,2,He was originally from a small town close to where I live in the UK. william rodriguez testimony is very interesting and sad at the same time. He was giving talks around,william rodriguez
1,1,"and quantum physics. His math was nonsense: It required 12 dimensions to add up. Then steven hawking came along and proved there were 12 dimensions, and Einstein was right all along. Why",steven hawking
1,2,"see how many posts per day have been about this movie. Another reason is that jim caviezel , the star of the movie, has echoed Qanon talking points in the past, though",jim caviezel
1,0,SS: Free speech is hazardous to your health. U.S. Surgeon General Dr. vivek murthy called on Congress Monday to require social media platforms to display warning labels alerting users,vivek murthy
0,0,"Lee H. Hamilton](http://www.nytimes.com/2008/01/02/opinion/02kean.html?_r=0) Related. [There is no evidence that Muslims hijacked planes on 9/11 By elias davidsson Note, the author shows that there is no evidence that these individuals boarded any of",elias davidsson
0,0,I'm not sure it's comparable. Benbrook's **entire program** was **funded** by the Organic food industry. folta 's university received an un-restricted grant. Who is more 'in bed' and beholden to their,folta
0,0,"Sure. In 1972 charles k. johnson , head of the International Flat Earth Research Society (IFERS), better known as the Flat",charles k. johnson
1,0,"he believes or not, **he literally committed no crime**. And how is that self-righteous prick roger sollenberger not banned from Twitter? Per Twitter: *Sharing someone's private information online without their permission, sometimes",roger sollenberger
0,0,"**Submission Statement** Paul krugman , the celebrated economist and Nobel laureate, cautioned us normies on the 2016 US election",krugman
2,1,Note to russ baker : Some considerations about Reddit: Reddit is largely a news aggregator that posts about 300-400,russ baker
1,1,church in Charleston in 2015. I don't remember any of that happening when white supremacist robert gregory bowers killed 11 people at the Tree of Life synagogue Pittsburgh in 2018. I don't remember,robert gregory bowers
1,1,"Forbes article written in 2010 was scrubbed from the website, here:_ https://www.forbes.com/2010/02/05/world-health-organization-swine-flu-pandemic-opinions-contributors-michael-fumento.html The WHO's head, tedros adhanom , was accused of covering up 3 Cholera outbreaks in Ethiopia before running for a",tedros adhanom
1,1,jay weidner is a Freemason and therefore not to be trusted. He made the documentary 'Kubrick's Odyssey:,jay weidner
0,0,"Feel free to compare them to the highly edited versions pushed by the likes of david ray griffin . * You weren't aware that the collapse of the towers actually destroyed WTC 3,",david ray griffin
1,0,spy vs spy. mark felt (deepthroat) was cointel and was indicted for the operation against the Weather Underground. And that,mark felt
0,0,"Everyone isn't corrupt. daniel ellsberg wasn't, nor Bradley Manning, and probably not Snowden (Time will tell). This guy was evil.",daniel ellsberg
1,1,Flytape single handled made this subreddit look literally [retarded.](http://www.np.reddit.com/r/SubredditDrama/comments/31iooo/flytape_has_been_removed_from_the_rconspiracy_mod/) Flytape was involved in the fake richard gage AMA along with the embarrassing David Cole AMA. Flytape is disliked across reddit - just,richard gage
2,2,"to start would be http://www.zionismbook.com/ and maybe you should even listen to an interview between alan hart and Alex Jones, which you can find on youtube in it's entirety here: http://www.youtube.com/watch?v=97o6HgiXw9g Good",alan hart
0,1,"This was the first line of the adam weishaupt 's book ""The Human Devil"". I find this title to be very interesting after listening",adam weishaupt
2,0,QAnon is an active United States military operation. austin steinbart is Q: [https://www.youtube.com/watch?v=t9ttbREavRM](https://www.youtube.com/watch?v=t9ttbREavRM) (I encourage you to watch all his videos/listen to interviews he's doing,austin steinbart
1,1,"this. “Experts said the trials that the study relies on are not high quality. Dr. amesh adalja , a senior scholar at the Johns Hopkins University Center for Health Security, said the",amesh adalja
1,1,"""emergency use"" last year after President Trump's chief of staff Mark Meadows told then-FDA commissioner stephen hahn to approve it by December 11th or be fired by the end of the day.",stephen hahn
1,1,Dr. pierre kory is on the Frontlines treating patients with drugs like ivermectin and has stated on camera,pierre kory
2,2,"*hard*, and he doesn't have the charisma or public goodwill to do it. Same reason vivek ramaswamy has about as much chance of becoming president as he does of suddenly growing a",vivek ramaswamy
1,1,I loved when he had Dr. michio kaku on. I wouldn’t miss those episodes for anything..so fascinating. Good times.,michio kaku
1,1,The reason mohammed yusuf founded Boko Haram appears to be that he saw an opportunity to exploit public outrage,mohammed yusuf
1,1,how snowden came out right during his sentencing trial ( i will still call her... bradley manning )... to distract from mannings trial but maybe... maybe they gave him the documents or,bradley manning
2,1,"*falseheimers* ploy / ""halp i'm being badgered by an angry black woman"" of Rummsfeld during cynthia mckinney 's inquiry was something everyone should see. If only to see a wicked old man",cynthia mckinney
0,0,"to invent him. To the New World Order he is worth 50 armoured division."" - barrie zwicker , author of ""Towers of Deception""",barrie zwicker
1,1,"for Julian Assange to ""hide"" information. Source: I was there, I went to the r/ whereisassange discord chat, and wasted tons of time there. Total limited hangout. [Cablegate was encoded into",whereisassange
1,2,the intent of the true individuals whom released the content. I can't even report that assanges pgp key has been utilized since the election. The entirety of assanges efforts and mo,assanges
1,1,And you seem to engage in the kind of double standards frank serpico address in this article that is also posted to this sub. https://www.counterpunch.org/2017/09/25/kap-cops-and-confederate-statues-a-better-world-without-double-standards/,frank serpico
0,1,don’t understand air-sea interactions](https://tomnelson.blogspot.com/2011/11/2004-email-from-richard-somerville-don.html). We don’t understand aerosol indirect effects. The list is long.* Warmist kevin trenberth : *We are [nowhere close to knowing](https://www.denverpost.com/2009/12/15/harsanyi-hide-the-decline-and-more/) where energy is going or whether clouds are,kevin trenberth
1,1,"Remember when InfoWars sold a product that contained soy? Sorry, but paul joseph watson is the biggest soyboy",paul joseph watson
1,1,"transparent. Quote: ""The class action lawsuit in American courts against RKI boss Wieler and virologist christian drosten has never brought down Füllmich, nor has he filed a lawsuit for damages in German",christian drosten
1,1,been proven to be cytotoxic which means toxic to every cell in your body: https://rumble.com/vijlhf-covid-19-vaccine-spike-protein-very-dangerous-and-cytotoxic-malone- kirsch -w.html,kirsch
1,1,"assassination. Primary documents link Wasson to the JFK assassination from many angles, including directly to george de mohrenschildt (the close friend of Lee Harvey Oswald) and the Zapruder film. de Mohrenschildt's wife worked",george de mohrenschildt
1,2,August 2019 harry markopolos went around the financial channels questioning GE's balance sheet reporting due to massive liability in,harry markopolos
0,0,"The core of the WMD story was that Iraq had yellowcake Uranium. joseph wilson didn't find any so Bush outed his wife as a CIA officer. However, as it",joseph wilson
0,0,That is right up there with his fellow tribesman paul krugman and his plan for an alien invasion to boost the economy. http://www.youtube.com/watch?v=nhMAV9VLvHA&feature=player_embedded,paul krugman
0,0,The video by tila tequila she is talking about is horrible.. I'm 10 minutes deep in this tripe and still,tila tequila
1,2,What I will bash is rense.com. Go take a look at what’s out there about jeff rense .,jeff rense
1,0,"you sent me and have loved them even as you have loved me. **Walter Russell, nikola tesla 's friend, artist, inventor, scientist:** ""Jesus, the Nasarene, knew the universal language of light in",nikola tesla
1,0,Then why is she listed as a woman virologist? [https://www.science.org/content/article/fact-checking-judy- mikovits -controversial-virologist-attacking-anthony-fauci-viral](https://www.science.org/content/article/fact-checking-judy-mikovits-controversial-virologist-attacking-anthony-fauci-viral),mikovits
1,1,"it to writer Robert Novak who printed the information in an article about her husband joseph wilson , which created the uproar and led to the investigation. How exactly did Libby leak",joseph wilson
0,0,the most impressive pro-working class campaign in modern history. Check it out sometime: https://berniesanders.com/ And tulsi gabbard is campaigning to completely end the wars. You crazy trolls bring up the CFR obsessively,tulsi gabbard
1,1,"word I would use. Stable. That is why I take this testimony from Maj. General albert stubblebine , US Army (Retired) as fact, and why I do not believe the ""narrative"" that",albert stubblebine
1,1,"back! Break down the barriers and disregard the police. The Capitol belongs to us,”. * ali alexander : [""If they](https://archive.vn/kj2bT) [ratify], everyone can guess what me & 500k will do to that",ali alexander
2,2,and they occur more often for people who do get COVID vs. the vaccine. Dr. rhonda patrick said on Joe Rogan that she will be posting notes to these studies very soon,rhonda patrick
2,1,"Start with david shayler ; He turned on his former bosses due to their incompetence, and they used the",david shayler
1,2,"We have never counted like this DR. deborah birx : So, I think in this country we've taken a very liberal approach to mortality.",deborah birx
1,1,to take credit away from people who been working on mRNA their entire careers. Dr. katalin karikó and her collaborator Dr. Drew Weissman are the actual main proprietors of the modern mRNA,katalin karikó
2,2,"ss: Video showing the moment things go wrong with the launch of mike hughes , flat earther who built a rocket to try to prove the earth was flat.",mike hughes
1,1,"film--which has one of the greatest casts of all-time in it: Kevin Costner, Jack Lemmon, ed asner , Tommy Lee Jones, Joe Pesci, Donald Sutherland, Kevin Bacon, Gary Oldman, Michael Rooker, Brian",ed asner
1,1,"order to discredit him simply because you don't like what he's saying. First of all, hersh himself said that he lies, he also pushed back against the Seth Rich story earlier",hersh
1,2,"Why does the modem political paranoia judges the 60 million genocided by the Marxist Jew lazar Kaganovich and his comrades, among whom was Joseph Stalin, to be somehow inferior to the",lazar
1,1,"their career they may have contributed to the knowledge base of the Ufological community (ie linda moulton howe and her research on Cattle mutilation), but they don't want to go back to their",linda moulton howe
1,2,"the *Biblical* Flat Earth Society. *sigh* not founder of the Flat Earth Society. That is samuel shenton , in the 1950s.",samuel shenton
1,2,that the government controls your ability to survive as it did in the case of Aaron Swartz .,aaron swartz
1,2,"story is no doubt an echo (not actual coverage) of the recent organizational meeting of AE911truth that was held in California. Interestingly, nowhere in the article was the meeting mentioned. It",ae911truth
1,2,K. Hellerstein Manachem Atzmon (airport security firm) Alan Sabrosky (good guy) Ryan Dawson (good guy) Alan Hart (good guy) Gordon Duff (good guy) Andreas von Bülow (good guy) Francesco Cossiga (good guy),alan hart
1,1,"being a journalist in the first place, he's either ignorant or an idiot, either way: Alex Berenson , former New York Times reporter ... observed on Twitter on Monday: “It’s over, guys.",alex berenson
2,2,"to sort out a business plan with someone, and he mentioned that he was into Alex Jones etc. I told him that I've posted a few times and I think Alex Jones Alex Jones etc. I told him that I've posted a few times and I think Alex Jones is full of it. A few days after that I got a rather creepy email",alex jones
1,2,"year, the U.S. Centers for Disease Control and Prevention said on Friday. The CDC's Dr. Anne Schuchat said the agency was strengthening recommendations for children to get the vaccination against seasonal influenza,",anne schuchat
0,0,How did I just know without looking her up that Annie Machon would be a nutjob ? She quit MI 5 in 1997 with her then partner,annie machon
1,2,"I know exactly what you mean - but Annie Machon and David Shayler are both ex-MI5, and they're the real deal. If you dig out",annie machon
1,0,"important questions regarding AE911Truth, Wikipedia, & 9/11: • Why was I silently removed from the Architects & Engineers for 9/11 Truth (AE911Truth) petition simply for asking Richard Gage if he would examine the research of Dr.",architects & engineers for 9/11 truth
0,0,"Governments Hiding The Truth “Fukushima is the biggest industrial catastrophe in the history of mankind,” Arnold Gundersen , a former nuclear industry senior vice president, told Al Jazeera. Major Paper : Canada",arnold gundersen
2,2,"RELEASE April 21, 2010 CONTACT Mary Olson, NIRS 828-252-8409 begin_of_the_skype_highlighting 828-252-8409 end_of_the_skype_highlighting begin_of_the_skype_highlighting 828-252-8409 end_of_the_skype_highlighting Arnold Gundersen , 802-865-9955 John Runkle, NC WARN 919-942-0600 Louis Zeller, BREDL (NC) 336-977-0852 Groups Urge Feds nuclear accidents. ""The proposed AP1000 containment design is inherently less safe than current reactors,"" said Arnold Gundersen , former senior vice-president at Nuclear Energy Services PCC. Mod Edit: External Source Tags –",arnold gundersen
1,2,Here we go again. Don't you guys ever learn. Remember Art Bell and all those calls persecuting somebody named Steve? Whoever that dude was they wanted him,art bell
0,0,"people believe what they are fed by their governments and associated media. I've never met Assange , and i've never met folks from any alphabet agency either (not knowingly anyway), but leaks, and obvious embarrassment of the 'agencies', i would be much more prepared to trust Assange over the others, based on common sense and past history of those concerned. The 'agencies' sense and past history of those concerned. The 'agencies' lie and obfuscate for a living. Assange exposes those lies and hidden facts. It's stupendously obvious to anyone with a critical mindset",assange
0,0,I think assange now has any excuse he desires to assassinate any world leader he chooses since the,assange
0,0,"documents released are not ALL criminal acts, and have nothing at all to do with Assanges stated reason for doing what he does, hich is to stop 2 wars and expose",assanges
0,0,"had previously been thought—just two billion years from now, say model creators T.J. Cox and Avi Loeb . Both scientists work at the Harvard-Smithsonian Center for Astrophysics in Cambridge, Massachusetts. So if",avi loeb
0,2,"Congressional Office of Technology Assessment 1978-1990. (Charter Member of PL911Truth) Click here to see statement Barbara Honegger , former White House Policy Analyst and Special Assistant to the Assistant to President Ronald",barbara honegger
1,1,"but one subject he knows little about. For instance, Jones has endorsed the very suspicious Barr McClellan and his book of ""faction"" Blood, Money and Power. He has also chosen to endorse",barr mcclellan
0,0,"the biggest motive to plan the assassination of JFK. LBJ's mistress Madeleine Duncan and lawyer Barr McClellan have come out and said this. Also, LBJ had a long history of assassinating people,",barr mcclellan
1,0,why go through all the trouble of TrueCrypting a batch of files with the password Barrett Brown when theres nothing secret about them?,barrett brown
0,0,This Barrett Brown character who speaks in the video above is just a FBI leach it appears. In,barrett brown
2,2,"the Church today, does not know. Also, I saw a notation in respects to Dr Barry Fell and some mouthpiece discrediting his abilities. It's too bad, you can go to school and school and aquire all types of inititials after your name, but lack any intelligence. Dr Barry Fell was also a linguist, despite his major, and has done excellent work with the Languages the of the Journey and conditions of the Travellers and where they had been. So Barry Fell 's abilities far exceed anything someone with a mouth can discredit. It is more likely,",barry fell
2,2,"pteridine Also read Barry Fell 's book America BC. In it, arguments are presented that make the Vikings late comers. ever heard on the subject came from one of my principal archaeology profs...""As an epigrapher, Barry Fell was one heck of a marine biologist!"" I can't read Fell...too much blatent hooey. I",barry fell
1,2,with the fony navigation system of apollo my favorite new idea about apollo is that Bart Sibrel is a part of the fraud inside group and that the famous punch was pretended is phony and it has to be can you think of one more reason for bart sibrel and buzz aldrin to act in a movie like this together ? i cannot if this together ? i cannot if you think about it a little bit how did bart sibrel get into aldrins office oin the first place ? how did he find him at,bart sibrel
0,2,"Are you seriously attempting to suggest that this is an impossible connection? KW: even Robert Bauval doesn't give your claims any credence at all and coming from a pseudohistorian who's ideas based your own pseudo history on thats really saying somehting. SC: First of all, Robert Bauval is not the arbiter of my work. Secondly, why do you think Robert Bauval should Robert Bauval is not the arbiter of my work. Secondly, why do you think Robert Bauval should give any credence to my work when much of what I present actually challenges I present actually challenges his own ideas? And finally, show",bauval
1,0,"to scrutiny....so far. I've filed the book away in my 'conspiracy corner' along with Velikovsky, Bauval et al, including with them "" the maps of the ancient sea kings"", "" america",bauval
0,1,Ben Garrison just came out with a good one!,ben garrison
0,0,Ben Garrison just came out with a good one! Brilliant!,ben garrison
0,0,"is the president, that is why he have Geithner to do that for him. Still Bernanke does the craping for Goldman Sach.",bernanke
1,1,"led to a ``chaotic unwinding'' of investments throughout the U.S. economy, Fed Chairman Ben S. Bernanke said. not to mention: www.marketwatch.com... {79C94AFF-EC37-44AC-A93C-721E276B8495} WASHINGTON (MarketWatch) -- The Bush administration's efforts to subtly",bernanke
1,1,"value on human life, i feel sorry for you. One more thing, and i'll quote Bill Hicks for this, 'Childbirth is no more a micracle than you eating and turd falling out",bill hicks
2,0,"I like what Bill Hicks had to say about this, ""all matter is merely energy condensed to a slow vibration,",bill hicks
2,0,World. They were the only Country where there wasn't a delay to the 'live' transmission. Bill Kaysing says 'NASA and other connected agencies couldn't get to the Moon and back and so,bill kaysing
2,0,He certainly went after me and Bob Lazar in a very unkindly way. I was invited over to his house (in San Francisco) he was on but his version of the meeting was totally bogus. He also interviewed Bob Lazar at some point and his version of that meeting was bogus also. One of the,bob lazar
2,2,"there doesn't seem to be any reliable sources for it. The quote is from ' Boris Bazhanov 's Memoirs of Stalin's Former Secretary', published in 1992. The quote is more of a",boris bazhanov
2,2,"vaccines, mercury is bad bad bad stuff. Here's a great one hour presentation by Dr. Boyd Haley , Chemistry Professor, University of Kentucky - internationally known scientist on mercury toxicity. Mercury -",boyd haley
2,2,Alzheimer's Disease was recently completed by a team of scientists led by well-respected researcher Dr. Boyd Haley . They exposed rats to levels of mercury vapor diluted to account for size differences,boyd haley
0,2,CANDLE MADE ENTIRELLY FROM MY EAR WAX (+ WICK MADE FROM TWINED SHORT & CURLIES) BRADLEY MANNING & ASSANGE LET OFF WITH A WARNING GOVERNMENT ADMITS 911 FALSE FLAG OBAMA HAS SEX,bradley manning
0,0,"from doing dangerous things to himself or others, drugs that are according to Dr. Peter Breggin , toxins to actually poison the brain, to numb it, to make it not work,",breggin
0,0,"retrograde amnesia ), decreased self-esteem , among other things. Furthermore, experts such as Dr. Peter Breggin (a psychiatrist himself) insists that any apparent ""improvement"" in the patient is the result of",breggin
0,0,"to find out why. This was supposed to be a hearing examining the work of Brian Hooker PhD, pulling in members of the Center for Disease Control and Prevention (CDC) to answer",brian hooker
0,1,"become a place of carnage?"" www.examiner.com... also Washington, Dec. 16 (ANI): American Family Association spokesman Bryan Fischer has made a controversial comment in the wake of the Connecticut school tragedy where a",bryan fischer
1,1,"I'm far from being a Right wing supporter, I never heard of Bryan Fischer and found his columns. Here is the column he wrote after the first one. He",bryan fischer
1,1,than most people expected and has been getting good feedback from the boxing world...aside from Carl Froch . He did what many of Floyd's challengers have done by unwittingly playing to his,carl froch
1,1,"change there stances, such is there hatred for religion or anything based on faith. In Carl Sagan's ""Contact"", the main character, Ellie, is quite clearly against the idea of faith, but on",carl sagan's
2,2,"law abiding Bush supporters. Maybe I just don't notice their protests or concerns. I guess Catherine Austin Fitts would be one exception to the epidemic of Republican lockjaw. Maybe it's a political thing,",catherine austin fitts
1,1,"a look at the testimony of a former US DEA agent here: WRITTEN STATEMENT OF CELERINO CASTILLO III., (D.E.A. RETIRED) FOR THE HOUSE PERMANENT SELECT COMMITTEE ON INTELLIGENCE Facts of my investigation",celerino castillo
2,2,"a lot of factors can skew the tests, like fever or pregnancy. Everybody knows that.'"" Celia Farber , Impression Magazine, June 21, 1999 ""A Vancouver woman is suing St. Paul's Hospital and",celia farber
1,2,havent truely looked at the subject). also my information is from reading the artical by Charles K. Johnson How cant you just climb a mountain and not just seen the curve with your,charles k. johnson
0,0,"receive Stephon Marbury and Penny Hardaway while the Suns would receive Antonio McDyess, Howard Eisley, Charlie Ward , the rights to Milos Vujanic and cash. However, this may not be all the",charlie ward
2,2,"to use Reductio ad absurdum, unlike the usual uses of it that also suffer straw- manning .",chelsea manning
0,2,Plus I can't help but visualise panicked OTO devottees frantically battening down the hatches and manning the pitchforks whilst a throng of Beliebers are kicking down the door. I don't think,chelsea manning
1,0,sensitive layer could have major and even disastrous consequences. Concerned HAARP researchers like Dr. Michel Chossudovsky of the University of Ottawa and Alaska’s Dr. Nick Begich (son of a US Congressman) sensitive layer could have major and even disastrous consequences. Concerned HAARP researchers like Dr. Michel Chossudovsky of the University of Ottawa and Alaska’s Dr. Nick Begich (son of a US Congressman),chossudovsky
0,0,"left and right in the name of promoting “public health.” Anthony Fauci is married to Christine Grady , who currently works on the medical ethics board. During the 1990's she worked with",christine grady
2,1,"what about those who died from AIDS yet took no AZT at all, such as Christine Maggiore ? en.wikipedia.org... How do they explain them? The AIDS revisionist documentaries seem to ignore this",christine maggiore
0,0,"Before I continue citing Christine Maggiore 's website Alive and Well, it is worth taking the time to offer up some compassion for you! Continuing now with the tragic tale of the life and times of Christine Maggiore : At some point during her new crusade Christine met Robin Scovil who would later HIV, and during Eliza Jane's short life she was never tested. The Wikipedia article on Christine Maggiore has no interest in all in even the existence of Charlie, instead placing all their all in even the existence of Charlie, instead placing all their bets on Eliza Jane: Christine Maggiore chose not ",christine maggiore
1,2,"behalf of, a shadowy network of wealthy men. Sure enough, it was not long before Cynthia McKinney , a Democrat member of Congress, pointed a finger at Carlyle, noting in an interview",cynthia mckinney
2,2,"Not taking the bait! But for those of you interested the idiots name is Dan Bilzerian and the. . . 'actress' is Janice Griffith, go take a look at the unedited",dan bilzerian
2,2,"campaign who allegedly molested children-drowner Susan Smith.... What about Bill Thomas, Bob Livingston, Dick Armey, Dan Burton , Charles Canady, J.C. Watts, Helen Chenoweth, Sue Myrick, Ken Calvert, John Peterson, Dan Crane,",dan burton
2,2,these over 100-year old obsolete filthy internal combustion engines burning oil. Of course people like Daniel Dingel and Stan Meyers had these engines running on hydrogen extracted from tap water.,daniel dingel
0,0,you can also power cars and trucks on just water just like Stanley Meyer and Daniel Dingel did. Here's a guy that powered his 94 Dodge truck with water and he's now,daniel dingel
2,2,"controls 54 U.S. daily newspapers,and owns 31 television stations. www.newsandtech.com... I suggest you read/watch Transcript/Video Daniel Estulin Bilderberg Speech at EU Parliament Dan has been studying these Sociopathic Power Mongers for years.",daniel estulin
2,2,effectively. This guy has done a lot of research and is being taken seriously ( Daniel Estulin ). We need to pay CLOSE attention here because this is a BIG DEAL. That,daniel estulin
2,2,"something) As for NATO's not-so-secret Army, I'd suggest the Book (or the studies) of Dr. Daniele Ganser , a renowned historian in Germanspeaking countries: ""NATO-Geheimarmeen in Europa - Inszenierter Terror und verdeckte",daniele ganser
2,2,"response to KilgoreTrout (8-of-15) Dave Emory is a protégé of Mae Brussells. quote from KT - BTW I am a big petroleum”-related fascism through the 50s and 60s up into the 80s re: von Bolschwing. Then, Dave Emory continued her premise and today documents how the Bormann conspiracy players and theses contributed to",dave emory
2,1,"themselves in reverse into DNA, intergrating themselves into the cells they infect. Howard Temin & David Baltimore (NOW, BOTH RATS.) won the NOBEL PRIZE'S in 1975 for its discovery. www.dnalc.org... Thereza Imanishi-Kari PRIZE'S in 1975 for its discovery. www.dnalc.org... Thereza Imanishi-Kari • One of the people in David Baltimore 's research group got caught by the ""SECRET SERVICE"" commiting FRAUD in A.I.D.S. research, but",david baltimore
2,2,"you think about it. Let me explain - in a discussion of how racist, say, David Duke is (can't think of a more recent worse one,) how many posts would it take",david duke
1,1,"H5N1 DNA in Flu Mist! - WARNING! www.knowthelies.com According to researcher team, Dr. Mark and David Geier , the current flu vaccines are not only ineffective against the expected Avian Bird Flu",david geier
2,2,that the Smithsonian covered up the truth were first aired in an article written by David Hatcher Childress to explain why he had no evidence to support his wild claims If you don't,david hatcher childress
0,0,"sorry I hate big threads me eyes go all fuzzy, and before you know it, David Icke turns out to be a reptilian,presidential,Hispanic limo driver,who puts a video on uTube 'video is",david icke
1,1,"way on here, sooner or later. I'm curious why you started you post saying ' David Icke ', then changed to simply 'Icke' when referring to David? You're simply another Icke basher",david icke
0,0,"changes were made, where removing the limo stop was obviously the most important. Jack White, David Lifton , David Mantik, David Healy, Doug Horne, and John Costella, among others, were clearly right.",david lifton
0,0,"he was disrespecting them, and the law, but they couldn't do anything about it individually. David Lifton , noted researcher, is highly critical of the actions of William Greer, Roy Kellerman and",david lifton
1,0,"(Dark Moon by David Percy and Mary Bennet........) ....is a LOAD of RUBBISH book!!! Based on the few ""factoids"" you",david percy
2,2,"have isolated HIV from a human being. They have not done any such thing."" - David Rasnick , PhD - AIDS Researcher, Chemist ..We have a series of problems that we are",david rasnick
2,2,"is joined by Nobel Prize winners Dr. Kary Mullis and Dr.Walter Gilbert, along with Dr. David Rasnick , an expert in the field of protease inhibitors. topdocumentaryfilms.com... In my eyes not the",david rasnick
0,0,"as long as its publicized) I wasn't referring to Jimd3100. I was actually referring to David Ray Griffin . In his book ""The 9/11 commission report: Ommissions and distortions"" he specifically takes the a lie. You can specifically see how he molds his evidence to suit his argument. David Ray Griffin discusses his ""Ommissions and Distortions"" book Jesse Ventura and his ""Conspiracy"" television series likewise repeated",david ray griffin
2,2,"being overly cynical. Not all ex-intelligence officers are on the payroll. Annie Machon seems great. David Shayler was great once but he's gone mad now. People say they got to him, fed",david shayler
1,1,"to mention or I'm still rocky about them. Some of the missing ones would be David Shaylor , Red Ice Creations, and David Wilcox. For my sake, I am only going to",david shaylor
2,2,"contradicts the trusses ""pulling"" the exterior columns in eh? cuz all it takes is 1 Deep Throat , 1 person with a heavy conscience to blow the lid. Why did it take Throat, 1 person with a heavy conscience to blow the lid. Why did it take Deep Throat over 30 years and on his death bed to come clean? Even though he was",deep throat
2,2,"many of us already willing to give up our rights in the name of safety. Del Bigtree On Coronavirus And The Coming MANDATORY Vaccination Program In this video Dan Dicks of Press Vaccination Program In this video Dan Dicks of Press For Truth speaks with vaccines expert Del Bigtree about the science of the coronavirus and the vaccine manufacturing programs that are being introduced time that laws are being passed that would force individuals to have to get vaccinated! Del Bigtree is great, thanks for posting, my wife loves the guy.",del bigtree
0,0,watching it and I gotta say wow. What a bunch of republican propaganda. He ( Dinesh D'Souza ) spouts half truths about how the SMART treaty reduces our effective military but declines,dinesh d'souza
2,2,Dinesh D'Souza is utterly dishonest and a f*cking idiot into the bargain. I would sooner step in,dinesh d'souza
2,2,"Dinesh D'Souza is a highly strung, highly critical Obama opponent so unless a pro-Obama group beat him",dinesh d'souza
2,2,"people to an organized, conspiratorial movement attempting to affect much more than school curricula. The Discovery Institute , formed in 1994, is the conservative think-tank championing “Intelligent Design,” the successor to the",discovery institute
0,1,"virgin, and Leo the lion. there, that's all EDIT: to elaborate, i got this from E. W. Bullinger 's The Companion Bible , and it says: Through the ""precession of the Equinoxes"" the",e. w. bullinger
0,0,"joining together of Virgo the virgin, and Leo the lion. to elaborate, this is from E. W. Bullinger 's The Companion Bible : Through the ""precession of the Equinoxes"" the sun gradually shifts",e. w. bullinger
0,0,"SMS social networks of millions of scary iPhone5-wielding teenage girls. What a f***ing joke. @ Edward Snowden on the fair chance that you find yourself reading this, and are ‘legit’ (meaning that",edward snowden
1,1,Funding The Coup In Ukraine As a skeptic I had my suspicions of the whole Edward Snowden leaks in the first place and if this story is 100% verifiable then here is,edward snowden
0,0,"gulf between respect for a country's iconic symbols and collusion with creeping fascism. Now, if Edward Snowden's whistleblowing on how thoroughly the government, including a government that works mainly in secret, was",edward snowden's
1,1,"when I came across this, I had to share. I literally lol'ed: ""This package includes Edward Snowden's custom action figure head mounted on a 12-inch action figure body with a several choices styles. By selecting Head only in the Outfit selection box above, you can also buy Edward Snowden's head for $60 only and fit it onto your own 12-inch figurines."" It may need",edward snowden's
2,1,"have been able to work in relative safety from a US espionage investigation. But today, Edward Snowden’s ordeal is just beginning. Two dangerous runaway processes have taken root in the last decade,",edward snowden’s
1,2,is also no evidence that a plane crashed in a field in Shanksville. Even though Elias Davidsson has shown the government has never proven the hijackers were aboard any of those planes,elias davidsson
1,1,"I like how Ellsberg calls out Obama by pointing out that while he promised transparency, he has already prosecuted",ellsberg
1,1,"to be thousands of years old. Part of it is depicted in my copy of Erich Von Daniken 's ""Chariots of the Gods."" (Souvenir Press 1973 Hardback) Explanation: A french researcher -Lemaire emailed",erich von daniken
1,1,"A very interesting article on this Seed Vault written by F. William Engdahl can be found on several sites on the net: 4 December, 2007 ... Bill Gates",f. william engdahl
0,0,"so high? Please see the following link. All further information here comes from that location: F. William Engdahl : Taking the Bloom Off the Nuclear Rose First, the natural target of suspicion for",f. william engdahl
1,1,"detrimental effects this is having and going to have on the eco system. According to F. William Engdahl , author of 'A Century of War' about oil and politics, he states in his Here is what they said: YouTube Link How could BP possibly benefit from this disaster? F. William Engdahl asserts that ""peak oil"" is a myth. Oil prices can be kept high when oil",f. william engdahl
1,2,"the ATS head chief. I'm pretty sure he will tell you the same thing. ' FireFighters for 9/11 Truth ' is not a source that I rely upon. Simply, the person I was replying",firefighters for 9/11 truth
1,1,The Drug that Cracked COVID Dr. Pierre Kory ( FLCCC Alliance) testifies to senate committee TIMESTAMP: 00:00 - Dr. Kory defends himself against false accusations,flccc
1,2,"With the encouraging medical data from ivermectin clinical trials’ reports worldwide, especially the one from FLCCC of US and BIRD of UK, the head of the Metropolitan Medical Association declared that",flccc
1,0,Protection Agency (EPA) continues to oppose and delay a lawsuit filed against them by the Fluoride Action Network (FAN) to ban the use of fluoride in public water supplies in the United States.,fluoride action network
2,2,"asking Congress to end water fluoridation in the United States has been released by the Fluoride Action Network (FAN). Over 600 professionals, including a Nobel Prize winner, officers in the Union that represents",fluoride action network
2,0,"lab studies had suggested that [the COVID-19 virus] can infect human beta cells,” said Dr. Francis Collins , the director of the National Institutes of Health, said in a recent blog post.",francis collins
2,2,"destroying people who try to work within the system to change it for the better. Frank Serpico is just one example, and his story is almost 40 years old. While his story",frank serpico
1,2,thread and article is The Police are Still Out of Control. I Should Know. By Frank Serpico . My argument was that Frank Serpico has experience with one police department over 40 are Still Out of Control. I Should Know. By Frank Serpico. My argument was that Frank Serpico has experience with one police department over 40 years ago. My argument also was that has experience with one police department over 40 years ago. My argument also was that Frank Serpico himself admitted that the kind of police corruption he experienced is not as pervasive as departments over those 40 years by following the s,frank serpico
1,2,Farben reincarnated as PERMINDEX. The PERMINDEX person in Houston is John DeMenil is linked to George de Mohrenschildt who was Lee Oswald's White Russian Pal. de Mohrenschildt was passed over by the OSS,george de mohrenschildt
1,1,seems to be rewriting history as well. The Ancient Aliens show and its prime benefactor Giorgio Tsoukalos has one goal in mind. To Debunk the Judeo Christian world view and replace it,giorgio tsoukalos
2,2,"Sumerian clay tablets describing an entire alien colonization on Earth. You know... Shills will ""debunk"" Giorgio Tsoukalos ' hair, David Childress overweight, Erich Von Dänniken accent and claim ""Ancient Aliens is a",giorgio tsoukalos
0,0,"Federal Reserve Question at CNN Debate Candy Crowley Lies About Ron Paul Polls - 8/14/11 Glenn Greenwald : Bob Schieffer, Ron Paul and Journalistic “Objectivity” Snubbed Again: Ron Paul Surges in Iowa",glenn greenwald
1,2,"of dire warnings by climate scientists. Dr Benny Peiser, director of sceptical think tank The Global Warming Policy Foundation , said governments and the public had ""more urgent problems to deal with"" than tackling",global warming policy foundation
0,0,continue working and feared for his health and safety unless he stepped down from the Global Warming Policy Foundation ’s academic advisory council. He said the pressure had mainly come from climate scientists in,global warming policy foundation
1,1,"new currency will take the group out of ""the oppressors' money system."" It seems Alan Greenspan may have been on to something after all... ""Remember what we're looking at. Gold is",greenspan
0,2,"two days last week to over 3.9pc, the highest level since the Lehman crisis. Alan Greenspan , ex-head of the US Federal Reserve, said the abrupt move may be ""the canary",greenspan
0,1,"that's what you wish to call it. They refused to investigate Bernard Madoff, even when Harry Markopolos placed the evidence on a plate for them in 2000. Who's insulted - the SEC",harry markopolos
1,0,Oh yeah this was going on for a while... Harry Markopolos delivered the largest Ponzi scheme in history to the SEC and the SEC ignored repeated,harry markopolos
1,0,"Dirty Harry…Do you feel lucky? Go Ahead, Make my day… Tipster Harry Markopolos : I gift wrapped and delivered the largest Ponzi scheme in history to the SEC Markopolos: I gift wrapped and delivered the largest Ponzi scheme in history to the SEC Harry Markopolos : SEC ignored my repeated warnings, from 2000 to 2008. He says the SEC is",harry markopolos
1,0,"no way it can do all these elaborate things they say it does."" - Dr. Harvey Bialy , Molecular Biologist, former editor of Bio/Technology and Nature Biotechnology ""If there is evidence that",harvey bialy
2,1,The New Age movement from the pen of Helena Blavatsky to the movies by Peter Joseph are all part of the establishments propaganda. More on refers to it as Astrotheosophy in the Zeitgiest movies. The new age movement founded by Helena Blavatsky refers to a 2000 or so year cycle of the earths view in relation to the primary being 'The Christ Conspiracy' which contains a great deal of plagiarism directly from Helena Blavatsky 's. The author of 'The Christ Conspiracy' didn't even bother rewording much of the content,helena blavatsky
0,0,"from 1893 to 1908 at exactly the same time that the works of Ignatius Donnelly, Helena Blavatsky , Gerald Massey,Rudolf Steiner and Piazzi Smythe were widely available (theospophist movement) en.wikipedia.org... Blavatskys lifes",helena blavatsky
2,0,They have been fighting over that for decades. Read about Herbert Yardley and his Black Chambers. en.wikipedia.org... They finally closed down MI 8 in 1929 and the,herbert yardley
2,2,"obsolete phrase, the more modern is ""EMSEC"" or emissions security. , developed in 1918 by Herbert Yardley to intercept enemy radio signals on the battlefield . It was aimed at ""orbs"" seen",herbert yardley
1,1,"a terrorist."" If you don't pay, you go to jail. I was reading a Seymour Hersh article that talked about how Gitmo was worse than Abu Gharib, and when these atrocities",hersh
0,0,"i have seen interviews w/ Maxwell Jordan where he is moaning about the Fame that Icke has. Basically alluding that Icke owes Jordan because according to Jordan, he found Icke and Maxwell Jordan where he is moaning about the Fame that Icke has. Basically alluding that Icke owes Jordan because according to Jordan, he found Icke and introduced him, and his theories that Icke has. Basically alluding that Icke owes Jordan because according to Jordan, he found Icke and introduced him, and his theories to the world, then decided to give poor old theories. While it seems fashionable to mock Scientolog",icke
2,2,"Rev. Martin Luther King Jr. Government has long history of abusing personal information External Source Jack Anderson turned up plenty of government secrets during his half-century career as an investigative reporter, and",jack anderson
0,0,"to 'switching off' the brain's vital functions - that is, killing the targeted victims."" - Jack Anderson , July 1985 ""The transmitter-reinforcer utilizes space age technology to send accurate readings on the",jack anderson
2,2,"Life changing.... ""Morning of the Magicians"" Louis Paowels and Jacques Bergier",jacques bergier
0,0,"it was officially ruled that he had committed suicide. However, in his book, Destiny Betrayed, James DiEugenio claimed that the bullet entered the right-handed Underhill's head behind the left ear.(Source) 2.) Guy",james dieugenio
1,1,their front page. Someone in the media can't get a website running??? Scholars for 911 James Fetzer Right from Wiki Also he has been interviewed by Jerry Springer??? I wouldn't want to,james fetzer
2,2,a lot of it and takes a while to find it all. www.climateaudit.org... type in James Hansen on the search function on the climate audit site and mark CA( Search www.climateaudit.org ),james hansen
2,1,"are so convinced of their position (a position based on the findings of one man, James Hansen , and those he can get to follow him) that nothing could ever be seen",james hansen
2,1,"I'm not sure that James Lyons-Weiler is in it for the science, or to monetize different health issues. One thing was",james lyons-weiler
1,1,"of global terrorism. How about that? Runner-ups would have to include the Giants series by James P. Hogan , whose website is: www.jamesphogan.com... Also the Known Space series written by Larry Niven, whose",james p. hogan
0,0,change after the needs that had motivated them into promoting change had been satisfied. - James P. Hogan We've spent too long tinking about our inner child. We ought to start thinking about,james p. hogan
2,0,"synopsis of the plot of Day of the Triffids: www.sfreviews.com... I've enjoyed several novels by James P. Hogan (a very hard-science novelist), whose website includes info on his forthcoming novels: www.jamesphogan.com... Michael Crichton,",james p. hogan
1,1,"""inspections"" took place, but prisoners and whistleblower doctors credibly say otherwise. It reminds me of Jan Karski . Eyewitness to genocide: He was first to warn of the Holocaust but no one",jan karski
0,2,"products figuring out a way to show human efficacy, given the ethical issues,"" says Dr. Janet Woodcock , director of the Center for Drug Evaluation and Research at the FDA. ""One of",janet woodcock
1,1,"the following people: Federal Reserve Officials Paul Volcker - Chairman of the Federal Reserve (1979–1987) Janet Yellen - Vice Chair of the Federal Reserve (2010–Present), President, Federal Reserve Bank of San Francisco",janet yellen
1,1,"You would have to go listen to this joker Jay Weidner or read some of his offerings, they aren't my idea's i'm merely relaying his theories",jay weidner
1,0,This guys video actually made it on Jeff Rense 's site: HAARP Involved In Giant Snowstorm? - Vid www.rense.com... But.....he has less than 2,jeff rense
1,1,Scroll to near the bottom of the page to see what Makow has posted about Jeff Rense henrymakow.com... There is and open letter from Annoymous to Makow on the Rense suite anonymousforresponsiblejournalism.blogspot.com...,jeff rense
1,1,"here again delivering the goods. Genetically Modified Corn Study Reveals Health Damage and Cover-up By Jeffrey M. Smith , author of Seeds of Deception When a German court ordered Monsanto to make public",jeffrey m. smith
1,0,"the FBI, was convicted of leaking information to a blogger from embassy wiretaps in 2010. Jeffrey Sterling , a former CIA employee, was indicted for allegedly revealing classified information to journalist James",jeffrey sterling
1,2,"at 60 Minutes, battled CBS brass to broadcast an interview with Brown & Williamson whistle-blower Jeffrey Wigand of The Insider fame. The network was being sold to Westinghouse at the time and",jeffrey wigand
1,1,"is plain experimental evidence. Each individual has a very neat beginning, at conception.” *** Dr. McCarthy de Mere, medical doctor and law professor, University of Tennessee, testified: “The exact moment of",jenny mccarthy
1,1,"what of 50 million? That's why the bilderberg group wants to reduce population. IMO watch Jesse Ventura Conspiracy Theory Episode 5. People are waking up, not just us conspiracy nuts. Note, most",jesse ventura
0,0,"guys sure as need to rise up and have the next revolution. Ron Paul, and jesse ventura are your guys to contact. Jesse has already said he would lead the charge if",jesse ventura
1,2,John Goodman died. ahem JFK (1992) my original memory: At the end of the movie Jim Garrison drives home in his car and two men stop him in the middle of the,jim garrison
1,1,"all of that stuff, and I think it's bogus, a hoax. Am I saying that Jim Hoffman , the esteemed Jim Hoffman, the revered Jim Hoffman is a buffoon or a hoaxter? and I think it's bogus, a hoax. Am I saying that Jim Hoffman, the esteemed Jim Hoffman , the revered Jim Hoffman is a buffoon or a hoaxter? No, I acknowledge that bogus, a hoax. Am I saying that Jim Hoffman, the esteemed Jim Hoffman, the revered Jim Hoffman is a buffoon or a hoaxter? No, I acknowledge that he collected dust in the",jim hoffman
0,0,"poured money into its banks. ``There's a complete lack of faith in the markets,'' said Jim O'Neill , chief economist at Goldman Sachs Group Inc. in London. ``There's a lot of cash",jim o'neill
2,1,Alex Jones has the good sense to build on the work of people like Jim Tucker and feature them as guests on his program. Not only is Jones devoted to the,jim tucker
1,1,"colorful background involving the white-supremacist far right, including dalliances -- like his close pal Sheriff Joe Arpaio -- with neo-Nazis.Please visit the link provided for the complete story. Profiling Arizona legislator Russell",joe arpaio
1,1,accuses Arpaio of racial profiling. Sources used 2008 2009 2010 2011 2012 Barack Obama Sheriff Joe Arpaio Obama Care,joe arpaio
0,0,"best one I have seen yet. It stars Daniel Pinchbeck who was recently on the Joe Rogan PodCast. Here are the Joe Rogan PodCast links. Warning, vulgar language. www.ustream.tv... www.ustream.tv... www.ustream.tv... www.ustream.tv... It stars Daniel Pinchbeck who was recently on the Joe Rogan PodCast. Here are the Joe Rogan PodCast links. Warning, vulgar language. www.ustream.tv... www.ustream.tv... www.ustream.tv... www.ustream.tv... www.ustream.tv...",joe rogan
1,0,I always imagined Joe Rogan was a member. He seems to be pretty open to these types of topics. Willie,joe rogan
1,1,"is noteworthy to close this RICO Act Count with the observations of Canadian social philosopher John McMurtry : ""To begin with, the forensic principle of 'who most benefits from the crime?' clearly",john mcmurtry
1,1,"and is now professor emeritus at Texas A&M University ( source ). I think the John McMurtry spoken of is this one , from the Canadian University of Guelph. That link has",john mcmurtry
0,0,"hope to uncover the genetic makeup of the virus, making it easier to combat. Professor John Oxford of London's Queen Mary's School of Medicine, the British government's flu adviser, acknowledges that the",john oxford
1,1,"I highly recommend watching the John Searl Story, because he does something similar with The Law of the Squares. IMO, John Searl John Searl Story, because he does something similar with The Law of the Squares. IMO, John Searl understands it better than Rodin, but they are both onto the same thing. Searl Magnetics",john searl
1,1,"HEY guys!! would love to get involved.. been trying to find a link between Tesla. John searl and John Hutchinson,s experiments for a few years now.. I don,t pretend to understand the",john searl
0,0,"Both Richard Noone, who wrote 5/5/2000 , and John White , who wrote Pole Shift , have speculated on this while taking in parts of",john white
2,1,"Case in point, the OP of this very thread must accept that transcript of the John White /Doug Davis conversation as being a valid document. It was developed from an FAA tape",john white
2,1,"to make broad generalizations. An example of exemplary service vs. evil is the Valerie Plame/ Joseph Wilson affair. Sources inside the White House, namely Karl Rove, said ""She's fair game."" That's an",joseph wilson
0,0,Sweden for rape WIKIPEDIA? WTF ! THIS WAS QUICK TO SHOW UP ON WIKIPEDIA . JULIAN ASSANGE WANTED FOR RAPE FRANCE 24: JULIAN ASSANGE WANTED FOR RAPE SKY NEWS WAS QUICK TO SHOW UP ON WIKIPEDIA . JULIAN ASSANGE WANTED FOR RAPE FRANCE 24: JULIAN ASSANGE WANTED FOR RAPE SKY NEWS,julian assange
2,2,"willing to expose the governments misdeeds and hold them accountable but assange is not it. Julian Assange is a demigod, and a demagogue.",julian assange
0,1,"I think Wiki-leaks is important, but it's hard to classify Julian Assange's motives. did he do it for great justice , or publicity? If you'll follow the",julian assange's
1,0,was scouring the web for everything I could find about the censoring of Wikileaks and Julian Assange’s legal status I had a growing feeling of unease that Twitter was actively censoring the,julian assange’s
2,2,for “incitements to kill” by the use of “violent rhetoric” against the anti- secrecy outlet. Julian Assange’s plea came in a press release Monday night in the aftermath of the Tucson murders,julian assange’s
1,2,"According to WikiLeaks, a story will soon be published by an U.S.-based media outlet about Julian Assange’s alleged pedophilia and receiving a $1 million payment from the Russian Government. Labeling Julian Assange",julian assange’s
1,1,story playing on zombie twitter feeds? David Smiley Who won a award for working with Julie K. Brown . And yet he is playing on the new zombie twitter feed. twitter.com... #!/search/%23MiamiZombie Seems,julie k. brown
1,2,"in a fashion not too dissimilar, in regards to circumstances, to Dorothy Kilgallen and even Karen SIlkwood . Maybe a connection.. I dunno. Something to think about though. That is all...",karen silkwood
1,2,"What ""proof"" has Kary Mullis provided? I've read up on him before, and he speaks in generalities with no research",kary mullis
2,1,the case for war was thin. And the UK Government dropped a case against whistleblower Katharine Gun because it might reveal the unfortunate fact that the war was illegal: But the all-out,katharine gun
2,2,"only ONE side came ready to murder that day, I'll call it the peaceful side. Kenneth O'Keefe , former US marine and veteran of Desert Storm, said he could have killed many",kenneth o'keefe
1,1,"ATS community please help Ken O'Keefe Kenneth O'Keefe and yet this guy LIVES in England...what a hypocrite....walk the walk, pal, or shut the",kenneth o'keefe
1,1,"change in climate sets up the coonditions where these more powerful storms can form. Dr. Kevin Trenberth , the former head of the Climate Analysis Section of the National Center for Atmospheric",kevin trenberth
0,2,"least one case, Fanton said that leftist donors had gone too far. In 2002, Steve Kirsch , a Silicon Valley entrepreneur, announced that he was going to spend millions on an",kirsch
0,0,"'Moses and Monotheism': ""Religious intolerance was inevitably born with the belief in one God"". Jonathan Kirsch , in his book 'God Against the Gods' wrote: On September 11, 2001, we were",kirsch
1,1,"Intelligence Information Related to the 9/11 Attacks,” July 2, 2004, p. 282.” 9/11 Family Member Kristen Breitweiser referred to George Tenet as “Mr. “I failed to tell the FBI for 18 months",kristen breitweiser
0,0,"Denial,"" following on the heels of dramatic testimony by the charismatic and eloquent 9-11 widow Kristen Breitweiser , along with ever more damning revelations in the joint House Senate 9-11 intelligence committee",kristen breitweiser
1,1,"in Venezuela stolen? www.americanthinker.com... By Richard Baehr Several weeks back, New York Times columnist Paul Krugman warned that the Presidential election might be stolen in Florida. This year, he warned, unlike",krugman
1,1,"...for what it is worth... The MSM and not-so-MSM are full of experts (to include Krugman ) saying many different things. For the Average American, it is difficult to decipher what",krugman
0,0,there were explosions. Why would you just ignore them? I'm honestly not very familiar with Kurt Sonnenfeld but the fact that he was a FEMA photographer just conveniently disproved your first two,kurt sonnenfeld
1,1,"USA ? Listen Close on 1:40 mark JFK. Mister X. 2 February 24, 2009 Col. L. Fletcher Prouty , the real Mr. X in Oliver Stone's JFK 04:44 - 3 years ago Col. Prouty, the real Mr. X in Oliver Stone's JFK 04:44 - 3 years ago Col. L. Fletcher Prouty discusses his writing of the JFK assassination and his 23 year career in the military",l. fletcher prouty
1,1,"TEAM: The CIA and Its Allies in Control of the United States and the World L. FLETCHER PROUTY Col., U.S. Air Force (Ret.) Anyway I thought I would share the information/link here for",l. fletcher prouty
0,1,"as did attorneys for the 20-year-old accuser. Defense attorneys did not return calls seeking comment. L. Lin Wood , an attorney handling the accuser's federal civil lawsuit against Bryant, said that case was",l. lin wood
2,2,"CBS News' Lara Logan Assaulted During Egypt Protests www.cbsnews.com ...In the crush of the mob, she was separated from",lara logan
2,1,"we'll take that because we saved taxpayers a whole lot of money. And in fairness, Larry Summers did a heck of a job trying to figure out how to ..."" The echoes",larry summers
2,1,"15 years ago – during the Clinton Administration [think Robert Rubin, Sir Alan Greenspan and Lawrence Summers ] – between 1.3 and 1.5 million 400 oz tungsten blanks were allegedly manufactured by",lawrence summers
2,1,Is Art Bell hosting? If so I will give it a listen. Bob Lazar has always been a very compatible guest with Art Bell.,lazar
0,0,Didn't Bob Lazar say something about Element 117? I don't remember if he said that we had it,lazar
0,0,Bob Lazar said a LOT of things infact so many things i do not believe he can i do not believe he can post on ATS anyomore. But jkrog was right bob lazar was talkin about 115.,lazar
2,1,Dr. Li-Meng Yan joins Owen on the War Room for another interview Whistleblower Dr. Li-Meng Yan joins Owen Dr. Li-Meng Yan joins Owen on the War Room for another interview Whistleblower Dr. Li-Meng Yan joins Owen on the War Room for an explosive interview about the truth on the,li-meng yan
2,1,are highly recommended. Here are a few miscellaneous titles worthy of consideration. Alien Harvest by Linda Moulton Howe focuses on animal mutilations but that is deceptive. It is an ambitious attempt to tie,linda moulton howe
2,1,Sitchin. It is also verified indirectly by the US Air Force through the testimony of Linda Moulton Howe who was invited to a USAF base in New Mexico and shown a top secret The Companion Tape To The Mysterious Origins Of Man Documentary That Contains The Testimony Of Linda Moulton Howe The current geological paradigm is that catastrophic land changes and horrific environmental changes all occur,linda moulton howe
2,1,From Linda Moulton Howe 's Earthfiles website: www.earthfiles.com... An apparently genuine crop circle has appeared in a maize field,linda moulton howe
2,0,a few close advisors that are probably aliens or hybrids. How else do you explain Linda Tripp ? Paula jones was an alien and Clinton's relationship with her helped seal the deal,linda tripp
0,0,"and switch to making handbags? No. But rather unlikely. I suppose you'd have to consider Linda Tripp , Ken Starr and others to be accomplices, or fellow agents? One thing I'm wondering",linda tripp
2,2,"Clinton who claim to have been physically threatened: 5 (Sally Perdue, Gennifer Flowers, Kathleen Willey, Linda Tripp , Elizabeth Ward Gracen) Number of men involved in the Clinton scandals who have been",linda tripp
2,0,featured on The 5% Album. The album is a solo record from Brand Nubian member Lord Jamar in collaboration with Wu-Tang Clan members and affiliates as well as other artists. The second,lord jamar
2,1,"skirt."" also he wrote a song which kanye rants about on stage last week ""MC Lord Jamar , who decided to write an elegantly-titled song about it, Lift Up Your Skirt …",lord jamar
2,0,from a whacko ultra-conservative site. No evidence; no credibility. and from April of this year... Louie Gohmert : 'Muslim Brotherhood Members' Have 'Influence' In Obama Administration (VIDEO) This is another article about,louie gohmert
0,0,"The GOP's Secret Weapon: Louie Gohmert , go get em Tiger.",louie gohmert
2,1,"of millions of deaths. LINK Of course I had considered some quotes from French virologist Luc Montagnier , the scientist that identified the HIV virus, and ADE as the source of this survival for anyone who received a Wuhan coronavirus (Covid-19) injection, according to leading French virologist Luc Montagnier . Everyone who is getting jabbed for the Chinese Virus will die, he reportedly stated",luc montagnier
0,0,"is just the way it is. Here is an example. Wilcock claims that Nobel laureate Luc Montagnier demonstrated ""DNA teleportation."" False. Montagnier never makes such a claim. Montagnier has a completely different",luc montagnier
2,1,potential of unusual genetic mechanisms for causing speciation or for producing complex features in organisms. Lynn Margulis of the University of Massachusetts at Amherst and others have persuasively argued that some cellular,lynn margulis
1,1,"Has anyone listened to the interview with LBJ's mistress, Madeleine Duncan Brown ? She claims that her baby sitter or housekeeper happened to be standing there when the fact that LBJ had a mistress. The woman was never seen again. According to Madeleine Duncan Brown , she learned that LBJ's 'cleaner' got rid of her. (she gives his name but",madeleine duncan brown
2,1,"message was 100% correct. I guess I should have posted this first but,,,, I didn't! Madeleine Duncan Brown was on record stating that Johnson was behind the killing of Kennedy and of SEVERAL",madeleine duncan brown
2,1,"Joshua Sharfstein, newly appointed Principal Deputy Commissioner, assumed the position of Acting Commissioner until Dr. Margaret Hamburg is confirmed. Numerous FDA physicians and scientists are certain that Dr. Hamburg and Dr. Sharfstein",margaret hamburg
2,1,and send it to you -- this goes for anyone. As to the documentary by Marie-Monique Robin that I posted above it was aired nationally by ARTE France and there are no,marie-monique robin
0,0,"to let Monsanto take possession of crop seeds and, by extension, the world’s food supply Marie-Monique Robin Her Credentials And That Of The Crew That Worked On The Documentary Let me once",marie-monique robin
2,2,LOL - Mark Dice posts a meme.....'finish him' This one had me laughing too! Mark Dice Twitter LOL - Mark Dice posts a meme.....'finish him' This one had me laughing too! Mark Dice Twitter,mark dice
2,0,crime even though in june of 2008 he called for the death of 911 truther Mark Dice . Reagan even offered to supply the bullets!!,mark dice
0,0,"be forced to issue a retraction, no doubt. Remember who the 1st Deep Throat was? Mark Felt Number 2 guy at the FBI",mark felt
2,1,"this time “no consistent significant associations were found between thimerosal-containing vaccines and neurodevelopmental outcomes.” [Dr. Mark Geier , an independent scientist, eventually gained access to the VSD data. His findings were published",mark geier
2,0,"the Cleaning agent in the Vaccine or the Preservative. Whatever you like. Heres why: Dr. Mark Geier , genetic researcher who investigated thimerosal in vaccines stated that: (Congressional Record 2003, Hearings on",mark geier
2,1,"was assigned Docket Number 07-681. The second Petition for Writ of Certiorari, filed by attorney Mark Lane , who is representing the remaining Plaintiffs, was assigned Docket Number 07-680. By the end",mark lane
1,1,"know EXACTLY where the flerfers got this formula from in the first place! Hint flerfers, Mark Sargent and Jeranism are LYING about a modern flerfer ""doing that math for them"" that formula",mark sargent
2,2,"in order to make them doubt their own sanity and otherwise control or embarrass them. Martha Mitchell , the wife of the United States Attorney General during the Nixon administration, alleged that",martha mitchell
2,0,"www.youtube.com... These are the full, three DVD-parts of this very important 3 hrs film by Massimo Mazzucco from Italy's 9/11 movement : ""September 11 - The New Pearl Harbor"" - Full version John McCain 1.24:35 - The last word - 1:28:10 As a very useful addition to Massimo Mazzucco 's excellent 9/11 compilation video, you should (re)read this extreme long post of mine, full",massimo mazzucco
2,0,"Hillary Clinton Was Going to Get a ‘HQ Special” Friday on FNC’s “America’s Newsroom,” Rep. Matt Gaetz (R-FL) said a congressional committee had evidence FBI Deputy Director Andrew McCabe indicated Hillary Clinton",matt gaetz
1,1,"Justin Amash of Michigan and Thomas Massie of Kentucky, and two ardent Trump loyalists, Representatives Matt Gaetz of Florida and Paul Gosar of Arizona. You can't get any more bipartisan than unanimous.",matt gaetz
2,1,"then founder of the Codex Alimentarius Commission, he'd be more well known, don't you? Also Matthias Rath is part of the Codex movement and erm i quote.... Rath is a controversial figure.",matthias rath
2,2,"far as I can recall, the only person popularly promoting 2012 in the 1990s was Maurice Cotterell . Most of the end of the world prophets were promoting more immediate dates.",maurice cotterell
2,1,"swap and settle back down, the obvious ramifications on organic life would not be subtle. Maurice Cotterell also has a similar theory behind mutations, but more focused on Gamma Ray bursts from",maurice cotterell
2,1,"push in Iraq -- and they might already be converting U.S. troops to their cause. Max Blumenthal Even before victory has been formally declared, In Touch is just one phalanx in an",max blumenthal
2,2,"""NO ON 8/HATE"" advertising dollars! There was a great article in The Daily Beast by Max Blumenthal . It is called The Man Behind Proposition 8. That man is Howard F. Ahmanson",max blumenthal
0,0,i do not own a tv. i read instead. right now i'm reading 1776 by mccullough . great first 100 pages.,mccullough
0,0,"Chris Boylynn ( Flt 93 didn't crash in Penn.) and a radical French author Therry Meyssan ( Pentagon no-plane theory) What makes a radio DJ and crew, a computer programmer, a",meyssan
0,0,"Huffschmidt, anti-semetic beat writers like American Free Press' Chris Boylnn, and French radical author Therry Meyssan .. The stories just don't hold the same weight as they would comming from less",meyssan
2,2,"if this idiocy is a natural product of too much religion and too little education. Michael Behe is one of the more prominent advocates of Intelligent Design Theory, he holds a PhD.",michael behe
1,1,"are people here willing to argue with these ""true believers"" like Xtal_Phusion who swallow anything Michael Cremo or Graham Hancock have to offer, but insist on some kind of uber conspiracy or",michael cremo
2,0,"This thread has drifted somewhat from its title. ""Has Disgraced Nat Sec Advisor Lt. Gen Michael Flynn Cut A Deal With The FBI?"" The discussion around your title is relevant but let",michael flynn
0,0,"""offenses"" (1) any criminal or counterintelligence investigation targeting President Donald J. Trump, National Security Advisor Michael Flynn , Paul Manafort, Carter Page, Roger Stone, or any employee of the Executive Office of",michael flynn
0,0,"way to get around privacy laws, or just outright ignore them, on a daily basis. Michael German , a former FBI agent now with New York University Law School, said: “The government’s",michael german
2,0,"Updated Timeline: June 18 Michael Hastings dies in car 'accident' June 18 Hastings contacted WikiLeaks lawyer Robinson, saying that the FBI",michael hastings
1,1,he was at home all along and did not flee anywhere to spread the truth. Michael Hastings is also another victim of the people in the shadows.,michael hastings
0,0,"world domination sounds good. You think so? Anyone who believes that definitely must read this: Michael Meacher , a former British environment minister, vindicates FTW's position on 9/11, the war on terrorism, attacks gave the US an ideal pretext to use force to secure its global domination Michael Meacher Saturday September 6, 2003 The Guardian Massive attention has now been given - and rightly",michael meacher
0,0,"now know that asymptomatic transmission likely [plays] an important role in spreading this virus,"" said Michael Osterholm , director of the Center for Infectious Disease Research and Policy at the University of",michael osterholm
2,1,"al Qaeda,” it was referring to either DBAB or its customer in that questionable trade. Michael Ruppert has since written about DBAB, noting that the company had previously been a financier of",michael ruppert
1,1,"not going to bother to try and argue it, lets assume it was. I heard Michael Shrimpton on Alex Jones show talking about David Kelly. He suggested from what he knew that",michael shrimpton
0,0,"of their Coronavirus vaccine, a former Vice President and Chief Scientist of the company Dr. Michael Yeadon has said that there is no need for any vaccines to bring the COVID-19 pandemic the COVID-19 pandemic to an end According to an article published in Lockdown Sceptics, Dr. Michael Yeadon wrote, “There is absolutely no need for vaccines to extinguish the pandemic. I’ve never heard",michael yeadon
0,0,"for co-signing the petition On December 1, 2020, the ex-Pfizer head of respiratory research Dr. Michael Yeadon and the lung specialist and former head of the public health department Dr. Wolfgang Wodarg",michael yeadon
0,0,this sensitive layer could have major and even disastrous consequences. Concerned HAARP researchers like Dr. Michel Chossudovsky of the University of Ottawa and Alaska’s Dr. Nick Begich (son of a US Congressman) this sensitive layer could have major and even disastrous consequences. Concerned HAARP researchers like Dr. Michel Chossudovsky of the University of Ottawa and Alaska’s Dr. Nick Begich (son of a US Congressman),michel chossudovsky
0,0,pains me to note the blanket of doubt now thrown over upon the person of Michel Chossudovsky (and also the topic of this thread) merely over a personal unfounded and mistaken opinion,michel chossudovsky
2,2,"they were truly beyond their time. I have a few characters in mind, Richard Dawkins, Michio Kaku , Ronald Mallett. Those are my three, although no definite number on how many you",michio kaku
1,1,"so they can extol how great they are and how dull their job ""really is"". Michio Kaku has talked about EU yet? Or is he not concerned with that? He should get",michio kaku
0,0,N.C. — Imagine your power bill going up by $200 a month. Progress Energy spokesman Mike Hughes said Thursday that it's a possibility under President Barack Obama's energy plan that narrowly passed,mike hughes
2,2,"Roger building a craft in his shed out of tin cans. Take this dude - Mike hughes as an example. He built his rocket out of scrap metal...naturally, if he actually succeeds",mike hughes
0,2,"for expert biologists. “The first paper on the isolation of HIV was in 1982,” says Mikovits . “We didn’t have a single-copy assay of HIV by PCR until 1991.” I appreciate",mikovits
0,2,bokoharam have affiliations with Al Queda and adherents are angered over the Nigerian police killing Mohammed Yusuf last year. It is very likely related to jihad.,mohammed yusuf
0,0,"What ""proof"" has Kary Mullis provided? I've read up on him before, and he speaks in generalities with no research missed the point. Of course there is an HIV pathogen. We are surrounded by them. Mullis ' point, and that of many others, is that susceptibility to AIDS is not co-dependent",mullis
0,0,"You are speaking of Dr. Kary Mullis , discoverer of the Polymerase Chain Reaction, and that is what won him the Nobel his TV show? No, he did not, nor will he. That is the difference. Dr. Mullis presents his evidence and does not expect the scientific community to believe him. They probably",mullis
1,1,"years since it was first manufactured. www.mercola.com... Interview with Barb Loe Fisher, Founder of the National Vaccine Information Center Very informative for parents with small children. You can see the 60 minutes interview from",national vaccine information center
0,0,just finished watching the second episode of Cosmos: A Spacetime Odyssey hosted by American astrophysicist Neil deGrasse Tyson . And he explicitly stated nobody knows how life started. So I reckon Im gonna,neil degrasse tyson
1,1,"great thing about science is, it's true, whether you believe it or not. "" - Neil Degrasse Tyson .",neil degrasse tyson
2,2,"reflect what truly happened at Pearl Harbor, as well as what happened on 9/11. Atleast Oliver Stone got out ""JFK"" :-).",oliver stone
0,2,"of the Joint Chiefs of Staff. Made possible by a generous gift from Council member Patrick M. Byrne , chairman of the board and president of overstock.com, and his parents John and Dorothy",patrick m. byrne
0,0,"Federalist Society, the Kentucky Mining Institute, Denver Coal Club and the Ashland Oil Corporation.[3] (See Patrick Michaels speaking engagements for further details). Wow. Imagine that, all those Big oil and power companies. Jr.[3] A furor was raised when it was revealed in 2006 that, at customer expense, Patrick Michaels was quietly paid $100,000 by an electric utility, Intermountain Rural Electric Association (IREA), which burns National Rural Electric Cooperative Association, was leaked to ABC News. ""We decided to support Dr. Patrick Michaels and his group (New Hope Environmental Services",patrick michaels
1,1,"been reduced to a mere private security force for western corporate interests. According to Dr Paul Craig Roberts , the situation with Qaddafi is much different than the other recent protests in the",paul craig roberts
0,0,"come to mind. If Alex can continue to surround himself with guests equal to Dr. Paul Craig Roberts , Dr. Tarpley, Ray McGovern, Bob Chapman, Governor Jesse Ventura, he should continue to do",paul craig roberts
2,0,and have no more rights to their own labor than medieval serfs or 19th-century slaves. Paul Craig Roberts Celebrate this day because you have done your part in financing corruption and enslavement Not,paul craig roberts
0,0,Paul Furber ??? REALLY ??? If Paul says otherwise Q is DEFINITELY legit. I've been following him,paul furber
2,2,"most from terrorism? SHAYLERGATE: British Press Gagged on Reporting MI6's �100,000 bin Laden Payoff By Paul Joseph Watson (Updated 11th Nov.) November 11th Update - London Observer: MI6 'halted bid to arrest bin",paul joseph watson
2,0,Ron Paul: Strikes On Iran Not Imminent- Yet Link to Full Story Paul Joseph Watson & Alex Jones/Prison Planet.com | March 16 2006 Congressman Ron Paul has contradicted other high,paul joseph watson
